,TargetID,TargetName,SMILES,AnalogSeriesID,pKi
1558,CHEMBL264,Histamine H3 receptor,C#CCNC(=O)C1CCN(CC1)Cc2ccc(cc2)OCCCN3CCCCC3,23663,7.96
1559,CHEMBL264,Histamine H3 receptor,CC(=O)N1CC(CC1C(=O)N2CCCN(CC2)C)Oc3cccc(c3)F,9964,6.34
1560,CHEMBL264,Histamine H3 receptor,CC(=O)N1CC(CC1C(=O)N2CCCN(CC2)C3CCC3)Oc4ccc(cc4)F,9964,8.82
1561,CHEMBL264,Histamine H3 receptor,CC(=O)N1CC(CC1C(=O)N2CCCN(CC2)C3CCC3)Oc4ccc(cc4)SC,9964,7.3
1562,CHEMBL264,Histamine H3 receptor,CC(=O)N1CC(CC1C(=O)N2CCCN(CC2)C3CCC3)Oc4ccccn4,9964,8.27
1563,CHEMBL264,Histamine H3 receptor,CC(=O)N1CC(CC1C(=O)N2CCCN(CC2)C3CCC3)Oc4cccnc4,9964,8.22
1564,CHEMBL264,Histamine H3 receptor,CC(=O)N1CC(CC1C(=O)N2CCCN(CC2)C3CCC3)Oc4cccs4,9964,8.43
1565,CHEMBL264,Histamine H3 receptor,CC(=O)N1CC(CC1C(=O)N2CCCN(CC2)C3CCC3)Oc4ccsc4,9964,8.57
1566,CHEMBL264,Histamine H3 receptor,CC(=O)N1CC(CC1C(=O)N2CCCN(CC2)C3CCCC3)Oc4cccc(c4)F,9964,8.66
1567,CHEMBL264,Histamine H3 receptor,CC(=O)N1CC(CC1C(=O)N2CCCN(CC2)C3CCCCO3)Oc4cccc(c4)F,9964,7.16
1568,CHEMBL264,Histamine H3 receptor,CC(=O)N1CC(CC1C(=O)N2CCCN(CC2)Cc3ccccc3)Oc4cccc(c4)F,9964,6.82
1569,CHEMBL264,Histamine H3 receptor,CC(=O)N1CC(CC1C(=O)N2CCCNCC2)Oc3cccc(c3)F,9964,5.71
1570,CHEMBL264,Histamine H3 receptor,CC(=O)N1CCC(CC1)Oc2ccc3c(c2)CCC4(O3)CCN(CC4)C5CCC5,19953,8.4
1571,CHEMBL264,Histamine H3 receptor,CC(=O)N1CCN(CC1)CCCOc2ccc3c(c2)CN(CC3c4ccc(cc4)OC)C,8734,6.57
1572,CHEMBL264,Histamine H3 receptor,CC(=O)N1CCN(CC1)Cc2ccc(cc2)c3ccc(cc3)CN4CCCCC4,4112,8.2
1573,CHEMBL264,Histamine H3 receptor,CC(=O)N1CCN(CC1)Cc2ccc(cc2)c3ccc(cc3)CN4CCN(CC4)C(=O)C,4112,5.85
1574,CHEMBL264,Histamine H3 receptor,CC(=O)N1CCc2ccc(cc2C1)OCCCN3CCCCC3,5757,7.71
1575,CHEMBL264,Histamine H3 receptor,CC(=O)N1CCc2ccc(cc2CC1)OCCCN3CCCCC3,23333,7.87
1576,CHEMBL264,Histamine H3 receptor,CC(=O)Nc1cc2c(cn1)nc(s2)N3CCC(CC3)N4CCCCC4,12117,7.28
1577,CHEMBL264,Histamine H3 receptor,CC(=O)Nc1cc2c(nc1)nc(s2)N3CCC(CC3)N4CCCCC4,3995,7.51
1578,CHEMBL264,Histamine H3 receptor,CC(=O)Nc1ccc(cc1)c2cc3c(nc2)nc(o3)N4CCC(CC4)N5CCCCC5,7833,6.63
1579,CHEMBL264,Histamine H3 receptor,CC(=O)Nc1ccc(cn1)c2cc3c(cn2)nc(s3)N4CCC(CC4)N5CCCCC5,12117,7.57
1580,CHEMBL264,Histamine H3 receptor,CC(=O)Nc1ccc(cn1)c2cc3c(nc2)nc(s3)N4CCC(CC4)N5CCCCC5,3995,8.0
1581,CHEMBL264,Histamine H3 receptor,CC(=O)Nc1ccccc1c2cc3c(nc2)nc(o3)N4CCC(CC4)N5CCCCC5,7833,5.82
1582,CHEMBL264,Histamine H3 receptor,CC(=O)c1cccc(c1)c2cc3c(cn2)nc(s3)N4CCC(CC4)N5CCCCC5,12117,7.1
1583,CHEMBL264,Histamine H3 receptor,CC(=O)c1cccc(c1)c2cc3c(nc2)nc(s3)N4CCC(CC4)N5CCCCC5,3995,7.48
1584,CHEMBL264,Histamine H3 receptor,CC(C(=O)N)NCc1ccc(cc1)OCCCN2CCCCC2,11487,7.37
1585,CHEMBL264,Histamine H3 receptor,CC(C(=O)N1CCN(CC1)CCCOc2ccc(cc2)C(=O)C3CC3)N,3701,6.11
1586,CHEMBL264,Histamine H3 receptor,CC(C(=O)N1CCN(CC1)CCCOc2ccc(cc2)C(=O)C3CC3)NC(=O)c4ccco4,3701,7.02
1587,CHEMBL264,Histamine H3 receptor,CC(C)(C)NCCCCCc1c[nH]cn1,1508,7.4
1588,CHEMBL264,Histamine H3 receptor,CC(C)(C)NCCCCc1c[nH]cn1,11545,6.2
1589,CHEMBL264,Histamine H3 receptor,CC(C)(C)OC(=O)N1CCC(CC1)Oc2ccc3c(c2)CCC4(O3)CCN(CC4)C5CCC5,19953,7.33
1590,CHEMBL264,Histamine H3 receptor,CC(C)N1CC(CC1C(=O)N2CCCN(CC2)C3CCC3)Oc4ccc(cc4)F,9964,7.92
1591,CHEMBL264,Histamine H3 receptor,CC(C)N1CC2CCN(C2C1)c3ccc(cc3)c4ccc(cc4)C#N,12513,7.37
1592,CHEMBL264,Histamine H3 receptor,CC(C)N1CCC(=Cc2c[nH]cn2)CC1,24194,7.2
1593,CHEMBL264,Histamine H3 receptor,CC(C)N1CCC(C1)N(C)C(=O)c2ccc(cc2)Cn3cccn3,6564,6.74
1594,CHEMBL264,Histamine H3 receptor,CC(C)N1CCC(C1)N(C)C(=O)c2ccc(cc2)Cn3cnc4c3cccc4,6564,8.4
1595,CHEMBL264,Histamine H3 receptor,CC(C)N1CCC(C1)N(C)C(=O)c2ccc(cc2)n3cccn3,9620,8.15
1596,CHEMBL264,Histamine H3 receptor,CC(C)N1CCC(C1)Oc2ccc(c(c2)CN(C)C)OCc3ccccc3Cl,23284,7.06
1597,CHEMBL264,Histamine H3 receptor,CC(C)N1CCC(CC1)CCc2c[nH]cn2,6605,7.0
1598,CHEMBL264,Histamine H3 receptor,CC(C)N1CCC(CC1)COc2cc3c(cn2)C(CN(C3)C)c4ccc(c(c4)Cl)Cl,2718,7.89
1599,CHEMBL264,Histamine H3 receptor,CC(C)N1CCC(CC1)COc2cc3c(cn2)C(CN(C3)C)c4ccc(cc4)OC,3266,7.89
1600,CHEMBL264,Histamine H3 receptor,CC(C)N1CCC(CC1)COc2cc3c(cn2)C(CNC3)c4ccc(c(c4)Cl)Cl,2718,7.89
1601,CHEMBL264,Histamine H3 receptor,CC(C)N1CCC(CC1)COc2cc3c(cn2)C(CNC3)c4ccc(cc4)OC,3266,8.4
1602,CHEMBL264,Histamine H3 receptor,CC(C)N1CCC(CC1)Cc2c[nH]cn2,7836,7.2
1603,CHEMBL264,Histamine H3 receptor,CC(C)N1CCC(CC1)NC(=O)c2ccc(cc2)OC3CCN(CC3)C(C)C,19894,8.08
1604,CHEMBL264,Histamine H3 receptor,CC(C)N1CCC(CC1)NC(=O)c2ccc(cc2)OC3CCN(CC3)C4CCC4,19894,8.8
1605,CHEMBL264,Histamine H3 receptor,CC(C)N1CCC(CC1)NC(=O)c2ccc(cc2Cl)OC3CCN(CC3)C4CCC4,4731,8.15
1606,CHEMBL264,Histamine H3 receptor,CC(C)N1CCC(CC1)NC(=O)c2ccc(cc2F)OC3CCN(CC3)C(C)C,20215,7.94
1607,CHEMBL264,Histamine H3 receptor,CC(C)N1CCC(CC1)Nc2c3cc(c(cc3nc(n2)N4CCC(CC4)(F)F)OCCCN5CCCC5)OC,22760,7.35
1608,CHEMBL264,Histamine H3 receptor,CC(C)N1CCC(CC1)Oc2ccc(c(c2)F)C(=O)NC3CCN(CC3)C4CCC4,20215,7.98
1609,CHEMBL264,Histamine H3 receptor,CC(C)N1CCC(CC1)Oc2ccc(cc2)C#N,21968,7.55
1610,CHEMBL264,Histamine H3 receptor,CC(C)N1CCC(CC1)Oc2ccc(cc2)C(CCN(C)C)Oc3ccccc3,12798,9.1
1611,CHEMBL264,Histamine H3 receptor,CC(C)N1CCC(CC1)Oc2ccc(cc2)C3=NN(C(=O)C4C3C4)C,4776,8.4
1612,CHEMBL264,Histamine H3 receptor,CC(C)N1CCC(CC1)Oc2ccc(cc2)C3=NNC(=O)C4C3C4,8186,8.04
1613,CHEMBL264,Histamine H3 receptor,CC(C)N1CCC(CC1)Oc2ccc(cc2)CN(C)C,21586,8.52
1614,CHEMBL264,Histamine H3 receptor,CC(C)N1CCC(CC1)Oc2ccc(cc2)CN(C)CCN(C)C,21586,8.94
1615,CHEMBL264,Histamine H3 receptor,CC(C)N1CCC(CC1)Oc2ccc(cc2)CN3CCC(CC3)CO,21586,9.0
1616,CHEMBL264,Histamine H3 receptor,CC(C)N1CCC(CC1)Oc2ccc(cc2)CN3CCC(CC3)O,21586,8.85
1617,CHEMBL264,Histamine H3 receptor,CC(C)N1CCC(CC1)Oc2ccc(cc2)CN3CCCC3,21586,8.71
1618,CHEMBL264,Histamine H3 receptor,CC(C)N1CCC(CC1)Oc2ccc(cc2)CN3CCCCC3,21586,9.2
1619,CHEMBL264,Histamine H3 receptor,CC(C)N1CCC(CC1)Oc2ccc(cc2)CN3CCCCCC3,21586,8.77
1620,CHEMBL264,Histamine H3 receptor,CC(C)N1CCC(CC1)Oc2ccc(cc2)CN3CCCN(CC3)C,21586,9.0
1621,CHEMBL264,Histamine H3 receptor,CC(C)N1CCC(CC1)Oc2ccc(cc2)CN3CCN(CC3)C,21586,9.13
1622,CHEMBL264,Histamine H3 receptor,CC(C)N1CCC(CC1)Oc2ccc(cc2)CN3CCN(CC3)Cc4ccccc4,21586,8.7
1623,CHEMBL264,Histamine H3 receptor,CC(C)N1CCC(CC1)Oc2ccc(cc2)CN3CCN(CC3)c4ccccc4,21586,8.7
1624,CHEMBL264,Histamine H3 receptor,CC(C)N1CCC(CC1)Oc2ccc(cc2)CN3CCOCC3,21586,8.67
1625,CHEMBL264,Histamine H3 receptor,CC(C)N1CCC(CC1)Oc2ccc(cc2)CNC3CC3,21586,8.79
1626,CHEMBL264,Histamine H3 receptor,CC(C)N1CCC(CC1)Oc2ccc(cc2)CNc3ccccc3,21586,8.26
1627,CHEMBL264,Histamine H3 receptor,CC(C)N1CCC(CC1)Oc2ccc(cc2)CNc3ccccn3,21586,8.65
1628,CHEMBL264,Histamine H3 receptor,CC(C)N1CCC(CC1)Oc2ccc(cc2)N3CCN(CC3=O)C(=O)c4cc(cc(c4)F)F,11561,8.7
1629,CHEMBL264,Histamine H3 receptor,CC(C)N1CCC(CC1)Oc2ccc(cc2)N3CCN(CC3=O)C(=O)c4ccc(cc4)C#N,11561,9.1
1630,CHEMBL264,Histamine H3 receptor,CC(C)N1CCC(CC1)Oc2ccc(cc2)N3CCN(CC3=O)C(=O)c4ccc(cc4)Cl,11561,8.6
1631,CHEMBL264,Histamine H3 receptor,CC(C)N1CCC(CC1)Oc2ccc(cc2)N3CCN(CC3=O)C(=O)c4ccc(cc4)F,11561,8.4
1632,CHEMBL264,Histamine H3 receptor,CC(C)N1CCC(CC1)Oc2ccc(cc2)N3CCN(CC3=O)C(=O)c4ccc(cc4F)F,11561,8.4
1633,CHEMBL264,Histamine H3 receptor,CC(C)N1CCC(CC1)Oc2ccc(cc2)c3ccc(=O)n(n3)C,4271,8.04
1634,CHEMBL264,Histamine H3 receptor,CC(C)N1CCC(CC1)Oc2ccc(cn2)c3ccc(=O)[nH]n3,3258,7.82
1635,CHEMBL264,Histamine H3 receptor,CC(C)N1CCC(CC1)Oc2ccc3c(c2)cc([nH]3)C(=O)N4CCC(C4)O,11450,8.1
1636,CHEMBL264,Histamine H3 receptor,CC(C)N1CCC(CC1)Oc2ccc3c(c2)cc([nH]3)C(=O)N4CCC(CC4)(F)F,11450,8.7
1637,CHEMBL264,Histamine H3 receptor,CC(C)N1CCC(CC1)Oc2ccc3c(c2)cc([nH]3)C(=O)N4CCC(CC4)OC,11450,8.05
1638,CHEMBL264,Histamine H3 receptor,CC(C)N1CCC(CC1)Oc2ccc3c(c2)cc([nH]3)C(=O)N4CCCC(C4)(F)F,11450,8.7
1639,CHEMBL264,Histamine H3 receptor,CC(C)N1CCC(CC1)Oc2ccc3c(c2)cc([nH]3)C(=O)N4CCCCCC4,11450,8.22
1640,CHEMBL264,Histamine H3 receptor,CC(C)N1CCC(CC1)Oc2ccc3c(c2)cc([nH]3)C(=O)N4CCOCC4,11450,8.3
1641,CHEMBL264,Histamine H3 receptor,CC(C)N1CCC(CC1)Oc2ccc3c(c2)cc([nH]3)C(=O)N4CCS(=O)(=O)CC4,11450,8.15
1642,CHEMBL264,Histamine H3 receptor,CC(C)N1CCC(CC1)Oc2ccc3c(c2)cc(n3C(=O)C)C(=O)N4CCC(CC4)(F)F,11450,7.89
1643,CHEMBL264,Histamine H3 receptor,CC(C)N1CCC(CC1)Oc2ccc3c(c2)cc(n3CC#N)C(=O)N4CCC(CC4)(F)F,11450,8.52
1644,CHEMBL264,Histamine H3 receptor,CC(C)N1CCC(CC1)Oc2ccc3c(c2)cc(n3CC(F)(F)F)C(=O)N4CCC(CC4)(F)F,11450,8.52
1645,CHEMBL264,Histamine H3 receptor,CC(C)N1CCC(CC1)Oc2ccc3c(c2)cc(n3CC(F)(F)F)C(=O)N4CCOCC4,11450,8.52
1646,CHEMBL264,Histamine H3 receptor,CC(C)N1CCC(CC1)Oc2ccc3c(c2)cc(n3CC(F)(F)F)C(=O)N4CCS(=O)(=O)CC4,11450,7.96
1647,CHEMBL264,Histamine H3 receptor,CC(C)N1CCC(CC1)Oc2ccc3c(c2)cc(n3S(=O)(=O)C)C(=O)N4CCC(CC4)(F)F,11450,8.52
1648,CHEMBL264,Histamine H3 receptor,CC(C)N1CCC(CC1)Oc2ccc3c(c2)cc(n3S(=O)(=O)c4ccc(cc4)F)C(=O)N5CCC(CC5)(F)F,11450,8.7
1649,CHEMBL264,Histamine H3 receptor,CC(C)N1CCC(CC1)Oc2ccc3c(c2)cc4n3CCCN(C4=O)CC5CC5,20748,7.77
1650,CHEMBL264,Histamine H3 receptor,CC(C)N1CCC(CC1)Oc2ccc3c(c2)cc4n3CCCNC4=O,20748,7.77
1651,CHEMBL264,Histamine H3 receptor,CC(C)N1CCC(CC1)Oc2ccc3c(c2)cc4n3CCN(C4=O)C,6039,7.51
1652,CHEMBL264,Histamine H3 receptor,CC(C)N1CCC(CC1)Oc2ccc3c(c2)cc4n3CCN(C4=O)C(C)C,6039,7.57
1653,CHEMBL264,Histamine H3 receptor,CC(C)N1CCC(CC1)Oc2ccc3c(c2)cc4n3CCN(C4=O)CC(F)(F)F,6039,7.47
1654,CHEMBL264,Histamine H3 receptor,CC(C)N1CCC(CC1)Oc2ccc3c(c2)cc4n3CCN(C4=O)CC5CC5,6039,8.05
1655,CHEMBL264,Histamine H3 receptor,CC(C)N1CCC(CC1)Oc2ccc3c(c2)cc4n3CCN(C4=O)CCO,6039,7.34
1656,CHEMBL264,Histamine H3 receptor,CC(C)N1CCC(CC1)Oc2ccc3c(c2)cc4n3CCN(C4=O)CCOC,6039,7.72
1657,CHEMBL264,Histamine H3 receptor,CC(C)N1CCC(CC1)Oc2ccc3c(c2)cc4n3CCN(C4=O)Cc5ccc(cc5)F,6039,8.15
1658,CHEMBL264,Histamine H3 receptor,CC(C)N1CCC(CC1)Oc2ccc3c(c2)cc4n3CCN(C4=O)Cc5cccc(c5)F,6039,7.85
1659,CHEMBL264,Histamine H3 receptor,CC(C)N1CCC(CC1)Oc2ccc3c(c2)cc4n3CCN(C4=O)Cc5ccccc5F,6039,8.22
1660,CHEMBL264,Histamine H3 receptor,CC(C)N1CCC(CC1)Oc2ccc3c(c2)cc4n3CCN(C4=O)Cc5ccccn5,6039,8.22
1661,CHEMBL264,Histamine H3 receptor,CC(C)N1CCC(CC1)Oc2ccc3c(c2)cc4n3CCN(C4=O)Cc5cccnc5,6039,8.3
1662,CHEMBL264,Histamine H3 receptor,CC(C)N1CCC(CC1)Oc2ccc3c(c2)cc4n3CCN(C4=O)Cc5ccncc5,6039,8.3
1663,CHEMBL264,Histamine H3 receptor,CC(C)N1CCC(CC1)Oc2ccc3c(c2)cc4n3CCNC4=O,6039,7.6
1664,CHEMBL264,Histamine H3 receptor,CC(C)N1CCC(CC1)Oc2ccc3c(c2)ccc(n3)C(=O)N4CCC(CC4)OC,16535,6.9
1665,CHEMBL264,Histamine H3 receptor,CC(C)N1CCC(CC1)Oc2ccc3c(c2)ccc(n3)C(=O)N4CCC4,16535,7.21
1666,CHEMBL264,Histamine H3 receptor,CC(C)N1CCC(CC1)Oc2ccc3c(c2)ccc(n3)C(=O)N4CCCC4C#N,16535,7.06
1667,CHEMBL264,Histamine H3 receptor,CC(C)N1CCC(CC1)Oc2ccc3c(c2)ccc(n3)C(=O)N4CCOCC4,16535,6.62
1668,CHEMBL264,Histamine H3 receptor,CC(C)N1CCC(CC1)Oc2ccc3cc(ccc3c2)C(=O)N4CCC(CC4)CO,484,6.81
1669,CHEMBL264,Histamine H3 receptor,CC(C)N1CCC(CC1)Oc2ccc3cc(ccc3c2)C(=O)N4CCC(CC4)OC,484,7.21
1670,CHEMBL264,Histamine H3 receptor,CC(C)N1CCC(CC1)Oc2ccc3cc(ccc3c2)C(=O)N4CCCC4,484,7.24
1671,CHEMBL264,Histamine H3 receptor,CC(C)N1CCC(CC1)Oc2ccc3cc(ccc3c2)C(=O)N4CCOCC4,484,7.4
1672,CHEMBL264,Histamine H3 receptor,CC(C)N1CCC(CC1)Oc2ccc3cc(ccc3c2)C(=O)NC4CCCCC4,484,7.06
1673,CHEMBL264,Histamine H3 receptor,CC(C)N1CCC2(CC1)CC2C(=O)N3CCN(CC3)C4CCCCC4,3362,7.33
1674,CHEMBL264,Histamine H3 receptor,CC(C)N1CCCN(CC1)C(=O)C2CC(CN2C(=O)C)Oc3cccc(c3)F,9964,7.29
1675,CHEMBL264,Histamine H3 receptor,CC(C)N1CCCN(CC1)C(=O)c2ccc(c(c2)CNC)Oc3ccc(c(c3)Cl)Cl,15643,8.92
1676,CHEMBL264,Histamine H3 receptor,CC(C)N1CCCN(CC1)C(=O)c2ccc(c(c2)CNC)Oc3ccc(cc3)Cl,10876,9.3
1677,CHEMBL264,Histamine H3 receptor,CC(C)N1CCCN(CC1)C(=O)c2ccc(c(c2)CNC)Oc3ccc(cc3)SC,8998,8.96
1678,CHEMBL264,Histamine H3 receptor,CC(C)N1CCCN(CC1)C(=O)c2ccc(c(c2)CNC)Oc3cccc(c3)Cl,10937,9.0
1679,CHEMBL264,Histamine H3 receptor,CC(C)N1CCCN(CC1)C(=O)c2ccc(cn2)Oc3ccc(c(c3)Cl)Cl,15191,8.82
1680,CHEMBL264,Histamine H3 receptor,CC(C)N1CCCN(CC1)C(=O)c2ccc(nc2)Oc3ccc(c(c3)Cl)Cl,15192,7.74
1681,CHEMBL264,Histamine H3 receptor,CC(C)N1CCCN(CC1)C(=O)c2cccc(n2)Oc3ccc(c(c3)Cl)Cl,23166,6.37
1682,CHEMBL264,Histamine H3 receptor,CC(C)N1CCCN(CC1)CCC#Cc2ccc(c(c2)CNC)Oc3ccc(cc3)SC,4887,7.03
1683,CHEMBL264,Histamine H3 receptor,CC(C)N1CCCc2cc(ccc2C1)OCCCN3CCCCC3,8035,9.7
1684,CHEMBL264,Histamine H3 receptor,CC(C)N1CCN(CC1)C(=O)C2CC3(C2)CCN(CC3)C4CCOCC4,12228,9.52
1685,CHEMBL264,Histamine H3 receptor,CC(C)N1CCN(CC1)C(=O)N2CCC(CC2)C(=O)N3CC4CCC(C3)CC4,11194,7.85
1686,CHEMBL264,Histamine H3 receptor,CC(C)N1CCN(CC1)C(=O)N2CCC(CC2)C(=O)OC(C)(C)C,11194,7.6
1687,CHEMBL264,Histamine H3 receptor,CC(C)N1CCN(CC1)C(=O)N2CCc3ccccc3C2,17633,7.14
1688,CHEMBL264,Histamine H3 receptor,CC(C)N1CCN(CC1)C(=O)N2Cc3ccccc3C2,761,7.23
1689,CHEMBL264,Histamine H3 receptor,CC(C)N1CCN(CC1)C(=O)NC2Cc3ccccc3C2,22577,7.52
1690,CHEMBL264,Histamine H3 receptor,CC(C)N1CCN(CC1)C(=O)NCc2ccc(c(c2)Cl)Cl,12773,7.7
1691,CHEMBL264,Histamine H3 receptor,CC(C)N1CCN(CC1)C(=O)NCc2ccc(cc2)Oc3ccccc3,21873,7.47
1692,CHEMBL264,Histamine H3 receptor,CC(C)N1CCN(CC1)C(=O)OC2CCN(CC2)c3ccc(=O)[nH]c3,18093,8.86
1693,CHEMBL264,Histamine H3 receptor,CC(C)N1CCN(CC1)C(=O)OC2CCN(CC2)c3ccc(=O)[nH]n3,18093,8.46
1694,CHEMBL264,Histamine H3 receptor,CC(C)N1CCN(CC1)C(=O)OC2CCN(CC2)c3ccn(c(=O)c3)C,18093,8.1
1695,CHEMBL264,Histamine H3 receptor,CC(C)N1CCN(CC1)C(=O)c2cc(cn2C)CN3CCCCC3,11156,7.49
1696,CHEMBL264,Histamine H3 receptor,CC(C)N1CCN(CC1)C(=O)c2cc(cn2C)CN3CCOCC3,11156,6.85
1697,CHEMBL264,Histamine H3 receptor,CC(C)N1CCN(CC1)C(=O)c2cc(sc2)CN3CCCCC3,11148,8.49
1698,CHEMBL264,Histamine H3 receptor,CC(C)N1CCN(CC1)C(=O)c2cc(sc2)CN3CCOCC3,11148,7.43
1699,CHEMBL264,Histamine H3 receptor,CC(C)N1CCN(CC1)C(=O)c2ccc(c(c2)CNC)Oc3ccc(c(c3)Cl)Cl,15643,8.62
1700,CHEMBL264,Histamine H3 receptor,CC(C)N1CCN(CC1)C(=O)c2ccc(c(c2)CNC)Oc3ccc(cc3)Cl,75,8.96
1701,CHEMBL264,Histamine H3 receptor,CC(C)N1CCN(CC1)C(=O)c2ccc(c(c2)CNC)Oc3ccc(cc3)SC,8998,8.66
1702,CHEMBL264,Histamine H3 receptor,CC(C)N1CCN(CC1)C(=O)c2ccc(c(c2)CNC)Oc3cccc(c3)OC,8998,8.96
1703,CHEMBL264,Histamine H3 receptor,CC(C)N1CCN(CC1)C(=O)c2ccc(cc2)C(CCN(C)C)Oc3ccc(cc3)C(F)(F)F,11173,8.64
1704,CHEMBL264,Histamine H3 receptor,CC(C)N1CCN(CC1)C(=O)c2ccc(cc2)C(CCN(C)C)Oc3ccccc3,11173,9.1
1705,CHEMBL264,Histamine H3 receptor,CC(C)N1CCN(CC1)C(=O)c2ccc(cc2)CN(C)C,359,8.3
1706,CHEMBL264,Histamine H3 receptor,CC(C)N1CCN(CC1)C(=O)c2ccc(cc2)CN3CCC(CC3)F,359,8.82
1707,CHEMBL264,Histamine H3 receptor,CC(C)N1CCN(CC1)C(=O)c2ccc(cc2)CN3CCCC3,359,9.0
1708,CHEMBL264,Histamine H3 receptor,CC(C)N1CCN(CC1)C(=O)c2ccc(cc2)CN3CCCCC3,359,8.99
1709,CHEMBL264,Histamine H3 receptor,CC(C)N1CCN(CC1)C(=O)c2ccc(cc2)CN3CCCCCC3,359,9.0
1710,CHEMBL264,Histamine H3 receptor,CC(C)N1CCN(CC1)C(=O)c2ccc(cc2)CN3CCOCC3,359,8.6
1711,CHEMBL264,Histamine H3 receptor,CC(C)N1CCN(CC1)C(=O)c2ccc(cc2)c3ccc(=O)n(n3)C,9558,6.78
1712,CHEMBL264,Histamine H3 receptor,CC(C)N1CCN(CC1)C(=O)c2ccc(nc2)CN3CCCCC3,11760,8.96
1713,CHEMBL264,Histamine H3 receptor,CC(C)N1CCN(CC1)C(=O)c2ccc(nc2)CN3CCOCC3,11760,7.82
1714,CHEMBL264,Histamine H3 receptor,CC(C)N1CCN(CC1)C(=O)c2ccc(nc2)Oc3ccc(cc3)F,16080,7.1
1715,CHEMBL264,Histamine H3 receptor,CC(C)N1CCN(CC1)C(=O)c2ccc(nc2)Oc3ccc(cc3)SC,11795,6.64
1716,CHEMBL264,Histamine H3 receptor,CC(C)N1CCN(CC1)C(=O)c2ccc(nc2)Oc3ccccc3,11795,6.59
1717,CHEMBL264,Histamine H3 receptor,CC(C)N1CCN(CC1)C(=O)c2ccc(nc2)Oc3ccccc3Cl,4471,7.51
1718,CHEMBL264,Histamine H3 receptor,CC(C)N1CCN(CC1)C(=O)c2ccc(o2)CN3CCCCC3,17436,8.47
1719,CHEMBL264,Histamine H3 receptor,CC(C)N1CCN(CC1)C(=O)c2ccc(o2)CN3CCOCC3,17436,7.27
1720,CHEMBL264,Histamine H3 receptor,CC(C)N1CCN(CC1)C(=O)c2ccc(o2)CNCCOC,17436,7.46
1721,CHEMBL264,Histamine H3 receptor,CC(C)N1CCN(CC1)C(=O)c2ccc(s2)CN3CCCCC3,17451,7.92
1722,CHEMBL264,Histamine H3 receptor,CC(C)N1CCN(CC1)C(=O)c2ccc(s2)CN3CCOCC3,17451,7.59
1723,CHEMBL264,Histamine H3 receptor,CC(C)N1CCN(CC1)C(=O)c2ccc(s2)CNCCOC,17451,8.36
1724,CHEMBL264,Histamine H3 receptor,CC(C)N1CCN(CC1)C(=O)c2ccc3c(c2)[nH]cc3CN4CCCCC4,14982,8.55
1725,CHEMBL264,Histamine H3 receptor,CC(C)N1CCN(CC1)C(=O)c2ccc3c(c2)[nH]cc3CN4CCOCC4,14982,8.68
1726,CHEMBL264,Histamine H3 receptor,CC(C)N1CCN(CC1)C(=O)c2ccc3c(c2)c(c[nH]3)CN4CCCCC4,11715,7.06
1727,CHEMBL264,Histamine H3 receptor,CC(C)N1CCN(CC1)C(=O)c2ccc3c(c2)c(c[nH]3)CN4CCOCC4,11715,6.74
1728,CHEMBL264,Histamine H3 receptor,CC(C)N1CCN(CC1)C(=O)c2ccc3c(c2)c(cs3)C(=O)N4CCCCC4,13484,5.48
1729,CHEMBL264,Histamine H3 receptor,CC(C)N1CCN(CC1)C(=O)c2ccc3c(c2)c(cs3)CN4CCCCC4,13498,7.3
1730,CHEMBL264,Histamine H3 receptor,CC(C)N1CCN(CC1)C(=O)c2ccc3c(c2)n(cc3CN4CCCCC4)S(=O)(=O)C,14982,8.72
1731,CHEMBL264,Histamine H3 receptor,CC(C)N1CCN(CC1)C(=O)c2ccc3c(c2)n(cc3CN4CCOCC4)C,14982,7.82
1732,CHEMBL264,Histamine H3 receptor,CC(C)N1CCN(CC1)C(=O)c2cccc3c2[nH]cc3CN4CCCCC4,1523,7.57
1733,CHEMBL264,Histamine H3 receptor,CC(C)N1CCN(CC1)C(=O)c2cccc3c2[nH]cc3CN4CCOCC4,1523,7.92
1734,CHEMBL264,Histamine H3 receptor,CC(C)N1CCN(CC1)C(=O)c2cnc(cn2)CN3CCCCC3,11743,8.96
1735,CHEMBL264,Histamine H3 receptor,CC(C)N1CCN(CC1)C(=O)c2cnc(cn2)CN3CCOCC3,11743,7.64
1736,CHEMBL264,Histamine H3 receptor,CC(C)N1CCN(CC1)C(=O)c2coc(n2)CN3CCCCC3,17623,6.7
1737,CHEMBL264,Histamine H3 receptor,CC(C)N1CCN(CC1)C(=O)c2coc(n2)CN3CCOCC3,17623,6.16
1738,CHEMBL264,Histamine H3 receptor,CC(C)N1CCN(CC1)C(=O)c2coc(n2)CNCCOC,17623,6.34
1739,CHEMBL264,Histamine H3 receptor,CC(C)N1CCN(CC1)C(=O)c2csc(n2)CN3CCCCC3,17629,6.96
1740,CHEMBL264,Histamine H3 receptor,CC(C)N1CCN(CC1)C(=O)c2csc(n2)CN3CCOCC3,17629,6.17
1741,CHEMBL264,Histamine H3 receptor,CC(C)N1CCN(CC1)C(=O)c2csc(n2)CNCCOC,17629,6.45
1742,CHEMBL264,Histamine H3 receptor,CC(C)N1CCN(CC1)CCC#Cc2ccc(c(c2)CNC)Oc3ccc(cc3)SC,4887,7.51
1743,CHEMBL264,Histamine H3 receptor,CC(C)N1CCN(CC1)CCCCc2ccc(c(c2)CNC)Oc3ccc(cc3)SC,17447,8.28
1744,CHEMBL264,Histamine H3 receptor,CC(C)N1CCN(CC1)CCCOc2ccc3c(c2)CN(CC3c4ccc(cc4)OC)C,8734,8.01
1745,CHEMBL264,Histamine H3 receptor,CC(C)N1CCN(CC1)Cc2ccc(cc2)C#CCCN3CCCCC3,23105,9.06
1746,CHEMBL264,Histamine H3 receptor,CC(C)N1CCN(CC1)c2ccc(cc2)c3ccc(=O)n(n3)C,2680,6.96
1747,CHEMBL264,Histamine H3 receptor,CC(C)N1CCN(CC1)c2ccc3ccccc3n2,5075,8.17
1748,CHEMBL264,Histamine H3 receptor,CC(C)N1CCN(CC1=O)CCC#Cc2ccc(c(c2)CNC)Oc3ccc(cc3)SC,4887,5.73
1749,CHEMBL264,Histamine H3 receptor,CC(C)N1CCOC(C1)COc2ccc(cc2)CN3CCOCC3,21632,7.31
1750,CHEMBL264,Histamine H3 receptor,CC(C)N1CCOC(C1)COc2cccc(c2)CN3CCOCC3,3251,6.99
1751,CHEMBL264,Histamine H3 receptor,CC(C)N1CCOC(C1)COc2ccccc2,24103,5.32
1752,CHEMBL264,Histamine H3 receptor,CC(C)N1CCc2ccc(cc2C1)OCCCN3CCCCC3,5757,9.77
1753,CHEMBL264,Histamine H3 receptor,CC(C)N1CCc2ccc(cc2CC1)OCCCN3CCCCC3,23333,9.14
1754,CHEMBL264,Histamine H3 receptor,CC(C)N1CCc2ccc(cc2CC1)OCc3ccccc3,3940,7.7
1755,CHEMBL264,Histamine H3 receptor,CC(C)NC(=O)N1CCCc2cc(ccc2C1)OCCCN3CCCCC3,8035,7.77
1756,CHEMBL264,Histamine H3 receptor,CC(C)NC(=O)N1CCc2ccc(cc2C1)OCCCN3CCCCC3,5757,8.31
1757,CHEMBL264,Histamine H3 receptor,CC(C)NC(=O)N1CCc2ccc(cc2CC1)OCCCN3CCCCC3,23333,7.37
1758,CHEMBL264,Histamine H3 receptor,CC(C)NC(=O)c1ccc(cc1)c2ccc3c(c2)CCN(C3=O)CCN4CCCC4,1946,8.72
1759,CHEMBL264,Histamine H3 receptor,CC(C)NC(=O)c1ccc(nc1)Oc2ccc3c(c2)CCN(CC3)C4CCC4,9510,9.9
1760,CHEMBL264,Histamine H3 receptor,CC(C)NCCCCCc1c[nH]cn1,1508,7.9
1761,CHEMBL264,Histamine H3 receptor,CC(C)NCCCCc1c[nH]cn1,11545,7.1
1762,CHEMBL264,Histamine H3 receptor,CC(C)S(=O)(=O)N1CCC(CC1)Oc2ccc3c(c2)CCC4(O3)CCN(CC4)C5CCC5,19953,8.15
1763,CHEMBL264,Histamine H3 receptor,CC(C)c1cc(nc(n1)N)N2CCC(C2)N,11850,5.98
1764,CHEMBL264,Histamine H3 receptor,CC(C)c1cc2c(c(nc(n2)N)N3CC(C3)NC)nc1,13143,6.08
1765,CHEMBL264,Histamine H3 receptor,CC(C)c1cc2c(c(nc(n2)N)N3CCC(C3)NC)nc1,13143,6.84
1766,CHEMBL264,Histamine H3 receptor,CC(C)n1c(=O)c2ccccc2nc1c3ccc(cc3)OCCCN4CCCCC4,9211,9.55
1767,CHEMBL264,Histamine H3 receptor,CC(C)n1c(=O)c2ccsc2c(n1)c3ccc(cc3)OCCCN4CCCC4,5664,8.4
1768,CHEMBL264,Histamine H3 receptor,CC(C)n1c(=O)c2ccsc2c(n1)c3ccc(cc3)OCCCN4CCCCC4,5664,8.72
1769,CHEMBL264,Histamine H3 receptor,CC(C)n1c(=O)ccc(n1)c2ccc(nc2)OC3CCN(CC3)C4CCC4,3258,8.19
1770,CHEMBL264,Histamine H3 receptor,CC(C)n1c2ccc(cc2cc1C(=O)N3CCC(CC3)(F)F)OC4CCN(CC4)C(C)C,11450,8.43
1771,CHEMBL264,Histamine H3 receptor,CC(CN1CCCCC1)COc2ccc(cc2)c3cc(=O)[nH]nc3,20612,7.46
1772,CHEMBL264,Histamine H3 receptor,CC(CO)N1CCC(CC1)Oc2ccc(cc2)C#N,21968,6.12
1773,CHEMBL264,Histamine H3 receptor,CC(COc1ccc2c(c1)CCC3(O2)CCN(CC3)C4CCC4)O,19953,7.6
1774,CHEMBL264,Histamine H3 receptor,CC12CCC(CC1=CCC3C2CCC45C3CCC4C(=O)N(C5)C)N(C)C,3335,6.27
1775,CHEMBL264,Histamine H3 receptor,CC12CCC(CC1=CCC3C2CCC45C3CCC4C(=O)N(C5)C)NC,3335,7.42
1776,CHEMBL264,Histamine H3 receptor,CC1C(Oc2c(cccc2S1(=O)=O)OC)c3ccc(cc3)OC4CCN(CC4)C5CCC5,11675,9.79
1777,CHEMBL264,Histamine H3 receptor,CC1C(Oc2c(cccc2S1(=O)=O)OC)c3ccc(cc3)OCCCN4CCCC4,11675,9.21
1778,CHEMBL264,Histamine H3 receptor,CC1C(Oc2c(cccc2S1(=O)=O)OC)c3ccc(cc3)OCCCN4CCCCC4,11675,9.47
1779,CHEMBL264,Histamine H3 receptor,CC1C(Oc2cc(ccc2S1(=O)=O)OC)c3ccc(cc3)OCCCN4CCCC4,11675,9.52
1780,CHEMBL264,Histamine H3 receptor,CC1C(Oc2ccc(cc2S1(=O)=O)OC)c3ccc(cc3)OCCCN4CCCC4,11675,9.4
1781,CHEMBL264,Histamine H3 receptor,CC1C(Oc2cccc(c2S1(=O)=O)OC)c3ccc(cc3)OCCCN4CCCC4,11675,9.3
1782,CHEMBL264,Histamine H3 receptor,CC1C(Oc2ccccc2S1(=O)=O)c3ccc(cc3)OCCCN4CCCC4,11675,8.4
1783,CHEMBL264,Histamine H3 receptor,CC1C2CCC3C2(CCC4C3CC=C5C4(CCC(C5)N(C)C(=O)C(C(C)C)NC)C)CN1C,5651,9.68
1784,CHEMBL264,Histamine H3 receptor,CC1C2CCC3C2(CCC4C3CC=C5C4(CCC(C5)N(C)C(=O)C(CC(C)C)NC(=O)C)C)CN1C,5651,8.79
1785,CHEMBL264,Histamine H3 receptor,CC1C2CCC3C2(CCC4C3CC=C5C4(CCC(C5)N(C)C(=O)C)C)CN1C,5651,6.96
1786,CHEMBL264,Histamine H3 receptor,CC1C2CCC3C2(CCC4C3CC=C5C4(CCC(C5)N(C)C(=O)C6CC6)C)CN1C,5651,7.22
1787,CHEMBL264,Histamine H3 receptor,CC1C2CCC3C2(CCC4C3CC=C5C4(CCC(C5)N(C)C(=O)Cc6cccs6)C)CN1C,5651,8.48
1788,CHEMBL264,Histamine H3 receptor,CC1C2CCC3C2(CCC4C3CC=C5C4(CCC(C5)N(C)C(=O)N(C)C)C)CN1C,5651,7.3
1789,CHEMBL264,Histamine H3 receptor,CC1C2CCC3C2(CCC4C3CC=C5C4(CCC(C5)N(C)C(=O)OC)C)CN1C,5651,7.22
1790,CHEMBL264,Histamine H3 receptor,CC1C2CCC3C2(CCC4C3CC=C5C4(CCC(C5)N(C)C(=O)OCC(Cl)(Cl)Cl)C)CN1C,5651,7.71
1791,CHEMBL264,Histamine H3 receptor,CC1C2CCC3C2(CCC4C3CC=C5C4(CCC(C5)N(C)C(=O)c6ccc(cc6)C#N)C)CN1C,5651,7.4
1792,CHEMBL264,Histamine H3 receptor,CC1C2CCC3C2(CCC4C3CC=C5C4(CCC(C5)N(C)C(=O)c6ccccc6)C)CN1C,5651,7.91
1793,CHEMBL264,Histamine H3 receptor,CC1C2CCC3C2(CCC4C3CC=C5C4(CCC(C5)N(C)C(=O)c6ccncc6)C)CN1C,5651,7.79
1794,CHEMBL264,Histamine H3 receptor,CC1C2CCC3C2(CCC4C3CC=C5C4(CCC(C5)N(C)C)C)CN1C,5651,8.34
1795,CHEMBL264,Histamine H3 receptor,CC1C2CCC3C2(CCC4C3CC=C5C4(CCC(C5)N(C)S(=O)(=O)N(C)C)C)CN1C,5651,7.51
1796,CHEMBL264,Histamine H3 receptor,CC1C2CCC3C2(CCC4C3CC=C5C4(CCC(C5)N(C)S(=O)(=O)c6ccc(cc6)C#N)C)CN1C,5651,7.72
1797,CHEMBL264,Histamine H3 receptor,CC1C2CCC3C2(CCC4C3CC=C5C4(CCC(C5)N(C)S(=O)(=O)c6ccccc6)C)CN1C,5651,8.11
1798,CHEMBL264,Histamine H3 receptor,CC1C2CCC3C2(CCC4C3CC=C5C4(CCC(C5)N(C)c6ccc(cc6)C#N)C)CN1C,5651,8.78
1799,CHEMBL264,Histamine H3 receptor,CC1CC(=O)NN=C1c2ccc(cc2)OCCCN3CCCC3,3695,7.08
1800,CHEMBL264,Histamine H3 receptor,CC1CC(=O)NN=C1c2ccc(cc2)OCCCN3CCCCC3,3695,7.68
1801,CHEMBL264,Histamine H3 receptor,CC1CC(CN(C1)CCCOc2ccc(cc2)n3c4ccc(cc4nc3c5ccccn5)F)C,3097,7.96
1802,CHEMBL264,Histamine H3 receptor,CC1CC(CN(C1)Cc2ccc(cc2)c3ccc(cc3)CN4CC(CC(C4)C)C)C,4112,6.4
1803,CHEMBL264,Histamine H3 receptor,CC1CC(CN(C1)Cc2ccc(cc2)c3ccc(cc3)CN4CCCCC4)C,4112,9.06
1804,CHEMBL264,Histamine H3 receptor,CC1CCC(N1CCCOc2ccc(cc2)n3c4ccc(cc4nc3c5ccccn5)F)C,3097,8.29
1805,CHEMBL264,Histamine H3 receptor,CC1CCC(N1CCCOc2ccc3c(c2)cc4n3CCNC4=O)C,2286,7.96
1806,CHEMBL264,Histamine H3 receptor,CC1CCCCN1CCc2ccc3cc(ccc3c2)c4ccc(cc4)C#N,4442,8.06
1807,CHEMBL264,Histamine H3 receptor,CC1CCCN(C1)CCCCCCCOc2ccc(cc2)Cl,16925,6.74
1808,CHEMBL264,Histamine H3 receptor,CC1CCCN(C1)CCCCCCCOc2cccc(c2)Cl,16925,6.33
1809,CHEMBL264,Histamine H3 receptor,CC1CCCN(C1)CCCCCCOc2ccc(cc2)Cl,22123,6.69
1810,CHEMBL264,Histamine H3 receptor,CC1CCCN(C1)CCCCCCOc2cccc(c2)Cl,22123,6.76
1811,CHEMBL264,Histamine H3 receptor,CC1CCCN(C1)CCCOCCCOc2ccc(cc2)C(C)(C)C,1709,7.29
1812,CHEMBL264,Histamine H3 receptor,CC1CCCN(C1)CCCOCCCOc2ccc(cc2)Cl,5551,7.55
1813,CHEMBL264,Histamine H3 receptor,CC1CCCN(C1)CCCOCCCOc2cccc(c2)OC,630,7.31
1814,CHEMBL264,Histamine H3 receptor,CC1CCCN(C1)CCCOCCOc2cccc(c2)OC,642,7.9
1815,CHEMBL264,Histamine H3 receptor,CC1CCCN(C1)CCCOc2ccc(cc2)C3C(S(=O)(=O)c4cccc(c4O3)OC)C,11675,9.8
1816,CHEMBL264,Histamine H3 receptor,CC1CCCN1C(=O)c2ccc(cc2)c3ccc4c(c3)CCN(C4=O)CCN5CCCC5,1946,8.77
1817,CHEMBL264,Histamine H3 receptor,CC1CCCN1C(=O)c2ccc3cc(ccc3c2)OC4CCN(CC4)C(C)C,484,7.82
1818,CHEMBL264,Histamine H3 receptor,CC1CCCN1C(CCCOC)c2ccc(cc2)c3ccc(cc3)CN4CCCCC4,8600,8.88
1819,CHEMBL264,Histamine H3 receptor,CC1CCCN1C(CCCOc2ccc(cc2)OC)c3ccc(cc3)c4ccc(cc4)CN5CCCCC5,8600,8.79
1820,CHEMBL264,Histamine H3 receptor,CC1CCCN1C(CCCOc2ccccc2)c3ccc(cc3)c4ccc(cc4)CN5CCCCC5,8600,8.94
1821,CHEMBL264,Histamine H3 receptor,CC1CCCN1CC(C)COc2ccc(cc2)c3cc(=O)[nH]nc3,20612,8.05
1822,CHEMBL264,Histamine H3 receptor,CC1CCCN1CC(C)COc2ccc(cc2)c3ccc(=O)n(n3)C,20612,8.22
1823,CHEMBL264,Histamine H3 receptor,CC1CCCN1CCCOc2c(cc(cc2F)c3ccc(=O)[nH]n3)F,22473,8.15
1824,CHEMBL264,Histamine H3 receptor,CC1CCCN1CCCOc2c(cc(cc2F)c3ccc(=O)n(n3)C)F,22473,7.96
1825,CHEMBL264,Histamine H3 receptor,CC1CCCN1CCCOc2ccc(c(c2)OC)c3ccc(=O)[nH]n3,2117,6.82
1826,CHEMBL264,Histamine H3 receptor,CC1CCCN1CCCOc2ccc(cc2)C(=O)CN3CC(OC(C3)C)C,17039,8.0
1827,CHEMBL264,Histamine H3 receptor,CC1CCCN1CCCOc2ccc(cc2)C(=O)CN3CCC(C3)(F)F,17039,8.47
1828,CHEMBL264,Histamine H3 receptor,CC1CCCN1CCCOc2ccc(cc2)C(=O)CN3CCC(CC3)(F)F,17039,7.96
1829,CHEMBL264,Histamine H3 receptor,CC1CCCN1CCCOc2ccc(cc2)C(=O)CN3CCC(CC3)C#N,17039,8.2
1830,CHEMBL264,Histamine H3 receptor,CC1CCCN1CCCOc2ccc(cc2)C(=O)CN3CCCC(C3)(F)F,17039,8.05
1831,CHEMBL264,Histamine H3 receptor,CC1CCCN1CCCOc2ccc(cc2)C(=O)CN3CCN(CC3)C(=O)C,17039,8.55
1832,CHEMBL264,Histamine H3 receptor,CC1CCCN1CCCOc2ccc(cc2)C(=O)CN3CCN(CC3)C(=O)C(F)(F)F,17039,8.68
1833,CHEMBL264,Histamine H3 receptor,CC1CCCN1CCCOc2ccc(cc2)C(=O)CN3CCN(CC3)C(=O)OC,17039,8.49
1834,CHEMBL264,Histamine H3 receptor,CC1CCCN1CCCOc2ccc(cc2)C(=O)CN3CCN(CC3)C(=O)OCC(C)C,17039,8.34
1835,CHEMBL264,Histamine H3 receptor,CC1CCCN1CCCOc2ccc(cc2)C(=O)CN3CCN(CC3)C(=O)Oc4ccc(cc4)F,17039,8.52
1836,CHEMBL264,Histamine H3 receptor,CC1CCCN1CCCOc2ccc(cc2)C(=O)CN3CCN(CC3)C(=O)Oc4ccccc4,17039,8.41
1837,CHEMBL264,Histamine H3 receptor,CC1CCCN1CCCOc2ccc(cc2)C(=O)CN3CCN(CC3)C(=O)c4cc5ccccc5s4,17039,8.92
1838,CHEMBL264,Histamine H3 receptor,CC1CCCN1CCCOc2ccc(cc2)C(=O)CN3CCN(CC3)C(=O)c4ccc(cc4)F,17039,9.22
1839,CHEMBL264,Histamine H3 receptor,CC1CCCN1CCCOc2ccc(cc2)C(=O)CN3CCN(CC3)C(=O)c4ccccc4,17039,8.72
1840,CHEMBL264,Histamine H3 receptor,CC1CCCN1CCCOc2ccc(cc2)C(=O)CN3CCN(CC3)C(=O)c4cccn4C,17039,9.05
1841,CHEMBL264,Histamine H3 receptor,CC1CCCN1CCCOc2ccc(cc2)C(=O)CN3CCN(CC3)C(=O)c4ccco4,17039,8.7
1842,CHEMBL264,Histamine H3 receptor,CC1CCCN1CCCOc2ccc(cc2)C(=O)CN3CCN(CC3)C(=O)c4cccs4,17039,8.38
1843,CHEMBL264,Histamine H3 receptor,CC1CCCN1CCCOc2ccc(cc2)C(=O)CN3CCN(CC3)S(=O)(=O)C,17039,8.47
1844,CHEMBL264,Histamine H3 receptor,CC1CCCN1CCCOc2ccc(cc2)C3=NN(C(=O)C4C3CCC4)C,14615,8.8
1845,CHEMBL264,Histamine H3 receptor,CC1CCCN1CCCOc2ccc(cc2)C3=NN(C(=O)CC3)CC(F)(F)F,71,8.3
1846,CHEMBL264,Histamine H3 receptor,CC1CCCN1CCCOc2ccc(cc2)C3=NNC(=O)C4C3C4,675,8.29
1847,CHEMBL264,Histamine H3 receptor,CC1CCCN1CCCOc2ccc(cc2)C3=NNC(=O)CC3C,3695,8.25
1848,CHEMBL264,Histamine H3 receptor,CC1CCCN1CCCOc2ccc(cc2)C3C(S(=O)(=O)c4cccc(c4O3)OC)C,11675,9.4
1849,CHEMBL264,Histamine H3 receptor,CC1CCCN1CCCOc2ccc(cc2)N3CCN(CC3=O)C(=O)c4cc(cc(c4)F)F,11561,8.75
1850,CHEMBL264,Histamine H3 receptor,CC1CCCN1CCCOc2ccc(cc2)N3CCN(CC3=O)C(=O)c4ccc(cc4)C#N,11561,9.05
1851,CHEMBL264,Histamine H3 receptor,CC1CCCN1CCCOc2ccc(cc2)N3CCN(CC3=O)C(=O)c4ccc(cc4)F,11561,8.85
1852,CHEMBL264,Histamine H3 receptor,CC1CCCN1CCCOc2ccc(cc2)N3CCN(CC3=O)C(=O)c4ccc(cc4F)F,11561,8.85
1853,CHEMBL264,Histamine H3 receptor,CC1CCCN1CCCOc2ccc(cc2)c3c(cc(=O)[nH]n3)c4ccccn4,2117,7.92
1854,CHEMBL264,Histamine H3 receptor,CC1CCCN1CCCOc2ccc(cc2)c3c(cn[nH]c3=O)OC,22184,7.7
1855,CHEMBL264,Histamine H3 receptor,CC1CCCN1CCCOc2ccc(cc2)c3c(cnn(c3=O)COC)OC,22184,8.0
1856,CHEMBL264,Histamine H3 receptor,CC1CCCN1CCCOc2ccc(cc2)c3c4c(c(=O)n(n3)C)CCC4,4664,9.4
1857,CHEMBL264,Histamine H3 receptor,CC1CCCN1CCCOc2ccc(cc2)c3c4c(c(=O)n(n3)C)CCCC4,4667,9.1
1858,CHEMBL264,Histamine H3 receptor,CC1CCCN1CCCOc2ccc(cc2)c3c4c(ccs4)c(=O)n(n3)C(C)C,5664,8.59
1859,CHEMBL264,Histamine H3 receptor,CC1CCCN1CCCOc2ccc(cc2)c3c4c(ccs4)c(=O)n(n3)Cc5ccc(cc5)Cl,5664,8.62
1860,CHEMBL264,Histamine H3 receptor,CC1CCCN1CCCOc2ccc(cc2)c3c4ccccc4c(=O)n(n3)C,8619,9.1
1861,CHEMBL264,Histamine H3 receptor,CC1CCCN1CCCOc2ccc(cc2)c3c4ccccc4c(=O)n(n3)Cc5ccc(cc5)Cl,8619,8.34
1862,CHEMBL264,Histamine H3 receptor,CC1CCCN1CCCOc2ccc(cc2)c3cc(=O)[nH]nc3,2117,8.3
1863,CHEMBL264,Histamine H3 receptor,CC1CCCN1CCCOc2ccc(cc2)c3cc(=O)n(nc3)COC,2117,8.4
1864,CHEMBL264,Histamine H3 receptor,CC1CCCN1CCCOc2ccc(cc2)c3cc(=O)n(nc3)c4ccccn4,12924,8.77
1865,CHEMBL264,Histamine H3 receptor,CC1CCCN1CCCOc2ccc(cc2)c3cc(c(=O)[nH]n3)c4ccccn4,2117,8.51
1866,CHEMBL264,Histamine H3 receptor,CC1CCCN1CCCOc2ccc(cc2)c3cc(c(=O)n(c3)C)c4ccccc4,2117,8.46
1867,CHEMBL264,Histamine H3 receptor,CC1CCCN1CCCOc2ccc(cc2)c3ccc(=O)[nH]c3,2117,8.11
1868,CHEMBL264,Histamine H3 receptor,CC1CCCN1CCCOc2ccc(cc2)c3ccc(=O)[nH]n3,2117,8.25
1869,CHEMBL264,Histamine H3 receptor,CC1CCCN1CCCOc2ccc(cc2)c3ccc(=O)n(c3)C,2117,9.15
1870,CHEMBL264,Histamine H3 receptor,CC1CCCN1CCCOc2ccc(cc2)c3ccc(=O)n(c3)Cc4ccccc4,2117,8.7
1871,CHEMBL264,Histamine H3 receptor,CC1CCCN1CCCOc2ccc(cc2)c3ccc(=O)n(n3)C,2117,8.93
1872,CHEMBL264,Histamine H3 receptor,CC1CCCN1CCCOc2ccc(cc2)c3ccc(=O)n(n3)C(C)C,2117,8.32
1873,CHEMBL264,Histamine H3 receptor,CC1CCCN1CCCOc2ccc(cc2)c3ccc(=O)n(n3)CC(F)(F)F,2117,8.24
1874,CHEMBL264,Histamine H3 receptor,CC1CCCN1CCCOc2ccc(cc2)c3ccc(=O)n(n3)CCF,2117,8.47
1875,CHEMBL264,Histamine H3 receptor,CC1CCCN1CCCOc2ccc(cc2)c3ccc(=O)n(n3)CCO,2117,8.52
1876,CHEMBL264,Histamine H3 receptor,CC1CCCN1CCCOc2ccc(cc2)c3ccc(=O)n(n3)Cc4ccccc4,2117,8.16
1877,CHEMBL264,Histamine H3 receptor,CC1CCCN1CCCOc2ccc(cc2)c3ccc(=O)n(n3)c4ccccn4,13712,8.0
1878,CHEMBL264,Histamine H3 receptor,CC1CCCN1CCCOc2ccc(cc2)c3ccc(cc3)C#N,2117,9.66
1879,CHEMBL264,Histamine H3 receptor,CC1CCCN1CCCOc2ccc(cc2)c3cccc(=O)n3C,2117,8.31
1880,CHEMBL264,Histamine H3 receptor,CC1CCCN1CCCOc2ccc(cc2)c3cccn(c3=O)C,2117,7.74
1881,CHEMBL264,Histamine H3 receptor,CC1CCCN1CCCOc2ccc(cc2)c3ccn(c(=O)c3)C,2117,8.49
1882,CHEMBL264,Histamine H3 receptor,CC1CCCN1CCCOc2ccc(cc2)c3cnn(c(=O)c3OC)COC,2117,8.3
1883,CHEMBL264,Histamine H3 receptor,CC1CCCN1CCCOc2ccc-3c(c2)CCc4c3n[nH]c(=O)c4,8159,8.37
1884,CHEMBL264,Histamine H3 receptor,CC1CCCN1CCCOc2ccc-3c(c2)CCc4c3nn(c(=O)c4)C,8159,8.44
1885,CHEMBL264,Histamine H3 receptor,CC1CCCN1CCCOc2ccc-3c(c2)CCc4c3nn(c(=O)c4)C(C)C,8159,8.38
1886,CHEMBL264,Histamine H3 receptor,CC1CCCN1CCCOc2ccc3c(c2)cc4n3CCNC4=O,2286,7.92
1887,CHEMBL264,Histamine H3 receptor,CC1CCCN1CCN2CCN(C2=C(C#N)C#N)CCN3CCCC3C,8347,9.29
1888,CHEMBL264,Histamine H3 receptor,CC1CCCN1CCN2CCN(C2=C(C#N)C#N)CCN3CCCCC3,8347,9.42
1889,CHEMBL264,Histamine H3 receptor,CC1CCCN1CCN2CCc3cc(ccc3C2=O)c4ccc(cc4)C#N,1946,8.89
1890,CHEMBL264,Histamine H3 receptor,CC1CCCN1CCN2CCc3cc(ccc3C2=O)c4ccc(cc4)C(=O)N5CCCC5,1946,9.7
1891,CHEMBL264,Histamine H3 receptor,CC1CCCN1CCN2CCc3cc(ccc3C2=O)c4ccc(cc4)C(=O)NC,1946,9.0
1892,CHEMBL264,Histamine H3 receptor,CC1CCCN1CCOc2ccc(cc2Br)CCNC(=O)c3cc(cs3)Br,18135,6.5
1893,CHEMBL264,Histamine H3 receptor,CC1CCCN1CCc2cc3cc(ccc3[nH]2)OC,83,7.41
1894,CHEMBL264,Histamine H3 receptor,CC1CCCN1CCc2cc3cc(ccc3o2)C(=O)c4ccc(cc4)N(C)C,8498,9.28
1895,CHEMBL264,Histamine H3 receptor,CC1CCCN1CCc2cc3cc(ccc3o2)C(=O)c4ccc(cc4)OC,8498,9.28
1896,CHEMBL264,Histamine H3 receptor,CC1CCCN1CCc2cc3cc(ccc3o2)C(=O)c4ccccc4,8498,9.66
1897,CHEMBL264,Histamine H3 receptor,CC1CCCN1CCc2cc3cc(ccc3o2)CNc4c(cccn4)C#N,5748,9.13
1898,CHEMBL264,Histamine H3 receptor,CC1CCCN1CCc2cc3cc(ccc3o2)CNc4c(cccn4)[N+](=O)[O-],5748,9.37
1899,CHEMBL264,Histamine H3 receptor,CC1CCCN1CCc2cc3cc(ccc3o2)CNc4c(nccn4)C#N,5748,8.98
1900,CHEMBL264,Histamine H3 receptor,CC1CCCN1CCc2cc3cc(ccc3o2)CNc4ccc(cc4)[N+](=O)[O-],5748,9.13
1901,CHEMBL264,Histamine H3 receptor,CC1CCCN1CCc2cc3cc(ccc3o2)CNc4ccc(cn4)C#N,5748,9.47
1902,CHEMBL264,Histamine H3 receptor,CC1CCCN1CCc2cc3cc(ccc3o2)CNc4ccc(cn4)[N+](=O)[O-],5748,9.52
1903,CHEMBL264,Histamine H3 receptor,CC1CCCN1CCc2cc3cc(ccc3o2)CNc4ccc(nn4)Cl,5748,9.51
1904,CHEMBL264,Histamine H3 receptor,CC1CCCN1CCc2cc3cc(ccc3o2)CNc4cccc(c4)C#N,5748,9.4
1905,CHEMBL264,Histamine H3 receptor,CC1CCCN1CCc2cc3cc(ccc3o2)CNc4ccccc4[N+](=O)[O-],5748,9.51
1906,CHEMBL264,Histamine H3 receptor,CC1CCCN1CCc2cc3cc(ccc3o2)CNc4cnccn4,5748,9.54
1907,CHEMBL264,Histamine H3 receptor,CC1CCCN1CCc2cc3cc(ccc3o2)CNc4cncnc4,5748,9.16
1908,CHEMBL264,Histamine H3 receptor,CC1CCCN1CCc2cc3cc(ccc3o2)CNc4ncc(cn4)Br,5748,8.91
1909,CHEMBL264,Histamine H3 receptor,CC1CCCN1CCc2cc3cc(ccc3o2)CNc4ncc(s4)[N+](=O)[O-],5748,9.72
1910,CHEMBL264,Histamine H3 receptor,CC1CCCN1CCc2cc3cc(ccc3o2)CNc4ncccn4,5748,9.08
1911,CHEMBL264,Histamine H3 receptor,CC1CCCN1CCc2cc3cc(ccc3o2)c4c[nH]nc4,6733,9.3
1912,CHEMBL264,Histamine H3 receptor,CC1CCCN1CCc2cc3cc(ccc3o2)c4ccc(cc4)CO,6733,9.06
1913,CHEMBL264,Histamine H3 receptor,CC1CCCN1CCc2cc3cc(ccc3o2)c4cccc(c4)C#N,6733,9.57
1914,CHEMBL264,Histamine H3 receptor,CC1CCCN1CCc2cc3cc(ccc3o2)c4cccc(c4)CO,6733,9.31
1915,CHEMBL264,Histamine H3 receptor,CC1CCCN1CCc2cc3ccccc3[nH]2,83,7.31
1916,CHEMBL264,Histamine H3 receptor,CC1CCCN1CCc2ccc(cc2)N(C)C,9756,7.79
1917,CHEMBL264,Histamine H3 receptor,CC1CCCN1CCc2ccc(cc2)OC,9756,8.34
1918,CHEMBL264,Histamine H3 receptor,CC1CCCN1CCc2ccc(cc2)OCc3ccccc3,9756,9.1
1919,CHEMBL264,Histamine H3 receptor,CC1CCCN1CCc2ccc(cc2)c3ccc(=O)[nH]n3,9756,7.51
1920,CHEMBL264,Histamine H3 receptor,CC1CCCN1CCc2ccc(cc2)c3ccc(=O)n(n3)C,9756,8.15
1921,CHEMBL264,Histamine H3 receptor,CC1CCCN1CCc2ccc(cc2)c3ccc(=O)n(n3)Cc4ccccc4,9756,8.3
1922,CHEMBL264,Histamine H3 receptor,CC1CCCN1CCc2ccc(cc2)c3ccc(cc3)S(=O)(=O)N,7761,8.3
1923,CHEMBL264,Histamine H3 receptor,CC1CCCN1CCc2ccc(cc2)c3ccc(cc3)S(=O)(=O)N4C(COCC4C)C,7761,8.2
1924,CHEMBL264,Histamine H3 receptor,CC1CCCN1CCc2ccc(cc2)c3ccc(cc3)S(=O)(=O)N4CCC(C4)O,7761,8.6
1925,CHEMBL264,Histamine H3 receptor,CC1CCCN1CCc2ccc(cc2)c3ccc(cc3)S(=O)(=O)N4CCC(CC4)OC,7761,9.2
1926,CHEMBL264,Histamine H3 receptor,CC1CCCN1CCc2ccc(cc2)c3ccc(cc3)S(=O)(=O)N4CCCC4COC,7761,8.3
1927,CHEMBL264,Histamine H3 receptor,CC1CCCN1CCc2ccc(cc2)c3ccc(cc3)S(=O)(=O)N4CCCCC4,7761,8.8
1928,CHEMBL264,Histamine H3 receptor,CC1CCCN1CCc2ccc(cc2)c3ccc(cc3)S(=O)(=O)N4CCOCC4,7761,8.77
1929,CHEMBL264,Histamine H3 receptor,CC1CCCN1CCc2ccc(cc2)c3ccc(cc3)S(=O)(=O)N4CCS(=O)(=O)CC4,7761,9.0
1930,CHEMBL264,Histamine H3 receptor,CC1CCCN1CCc2ccc(cc2)c3ccc(cc3)S(=O)(=O)NC4CCC4,7761,8.6
1931,CHEMBL264,Histamine H3 receptor,CC1CCCN1CCc2ccc(cc2)c3ccc(cc3)S(=O)(=O)NC4CCOCC4,7761,8.65
1932,CHEMBL264,Histamine H3 receptor,CC1CCCN1CCc2ccc(cc2)c3ccc(cc3)S(=O)(=O)NCC4CC4,7761,8.6
1933,CHEMBL264,Histamine H3 receptor,CC1CCCN1CCc2ccc(cc2)c3ccc(cc3)S(=O)(=O)NCCOC,7761,8.5
1934,CHEMBL264,Histamine H3 receptor,CC1CCCN1CCc2ccc(cc2)c3ccc(cc3)S(=O)(=O)NCc4ccccc4,7761,9.5
1935,CHEMBL264,Histamine H3 receptor,CC1CCCN1CCc2ccc(cc2)c3ccc(cc3)S(=O)(=O)NCc4ccncc4,7761,9.8
1936,CHEMBL264,Histamine H3 receptor,CC1CCCN1CCc2ccc(cc2)c3ccc(cc3)S(=O)(=O)Nc4ccccc4,7761,8.7
1937,CHEMBL264,Histamine H3 receptor,CC1CCCN1CCc2ccc3c(c2)ccc(n3)c4c[nH]nc4,10543,9.05
1938,CHEMBL264,Histamine H3 receptor,CC1CCCN1CCc2ccc3c(c2)ccc(n3)c4cc(no4)Br,10543,8.74
1939,CHEMBL264,Histamine H3 receptor,CC1CCCN1CCc2ccc3c(c2)ccc(n3)c4cc(no4)C(=O)OC,10543,8.46
1940,CHEMBL264,Histamine H3 receptor,CC1CCCN1CCc2ccc3c(c2)ccc(n3)c4cc5c(nc4)OCO5,10543,9.09
1941,CHEMBL264,Histamine H3 receptor,CC1CCCN1CCc2ccc3c(c2)ccc(n3)c4ccc(cc4)C#N,10543,9.16
1942,CHEMBL264,Histamine H3 receptor,CC1CCCN1CCc2ccc3c(c2)ccc(n3)c4ccc(nc4)Cl,10543,9.6
1943,CHEMBL264,Histamine H3 receptor,CC1CCCN1CCc2ccc3c(c2)ccc(n3)c4ccc(s4)C#N,10543,9.51
1944,CHEMBL264,Histamine H3 receptor,CC1CCCN1CCc2ccc3c(c2)ccc(n3)c4ccccn4,10543,9.11
1945,CHEMBL264,Histamine H3 receptor,CC1CCCN1CCc2ccc3c(c2)ccc(n3)c4cccnc4,10543,9.98
1946,CHEMBL264,Histamine H3 receptor,CC1CCCN1CCc2ccc3c(c2)ccc(n3)c4cccs4,10543,9.0
1947,CHEMBL264,Histamine H3 receptor,CC1CCCN1CCc2ccc3c(c2)ccc(n3)c4ccn5c(n4)ncn5,10543,9.16
1948,CHEMBL264,Histamine H3 receptor,CC1CCCN1CCc2ccc3c(c2)ccc(n3)c4ccn[nH]4,10543,8.49
1949,CHEMBL264,Histamine H3 receptor,CC1CCCN1CCc2ccc3c(c2)ccc(n3)c4ccncc4,10543,9.66
1950,CHEMBL264,Histamine H3 receptor,CC1CCCN1CCc2ccc3c(c2)ccc(n3)c4ccoc4,10543,8.3
1951,CHEMBL264,Histamine H3 receptor,CC1CCCN1CCc2ccc3c(c2)ccc(n3)c4ccsc4,10543,8.6
1952,CHEMBL264,Histamine H3 receptor,CC1CCCN1CCc2ccc3c(c2)ccc(n3)c4cn5c(n4)SCC5,10543,9.06
1953,CHEMBL264,Histamine H3 receptor,CC1CCCN1CCc2ccc3c(c2)ccc(n3)c4cnc(nc4)OC,10543,9.67
1954,CHEMBL264,Histamine H3 receptor,CC1CCCN1CCc2ccc3c(c2)ccc(n3)c4cnccn4,10543,9.96
1955,CHEMBL264,Histamine H3 receptor,CC1CCCN1CCc2ccc3c(c2)ccc(n3)c4cncnc4,10543,9.71
1956,CHEMBL264,Histamine H3 receptor,CC1CCCN1CCc2ccc3c(c2)ccc(n3)c4csc(n4)c5cc(nc(c5)Cl)Cl,24323,7.55
1957,CHEMBL264,Histamine H3 receptor,CC1CCCN1CCc2ccc3c(c2)ccc(n3)c4csc(n4)c5ccccc5,24323,8.17
1958,CHEMBL264,Histamine H3 receptor,CC1CCCN1CCc2ccc3c(c2)ccc(n3)c4nc5ccccc5s4,10543,8.53
1959,CHEMBL264,Histamine H3 receptor,CC1CCCN1CCc2ccc3c(c2)ccc(n3)c4nccs4,10543,9.38
1960,CHEMBL264,Histamine H3 receptor,CC1CCCN1CCc2ccc3c(c2)cccn3,10543,8.13
1961,CHEMBL264,Histamine H3 receptor,CC1CCCN1CCc2ccc3cc(ccc3c2)c4ccc(cc4)C#N,4442,9.76
1962,CHEMBL264,Histamine H3 receptor,CC1CCCN1CCc2ccccc2O,13466,7.35
1963,CHEMBL264,Histamine H3 receptor,CC1CCCN1CCc2ccccc2OC,13466,7.48
1964,CHEMBL264,Histamine H3 receptor,CC1CCCN1Cc2ccc(cc2)c3ccc(cc3)C(Cc4ccccc4)N5CCCCC5,15339,8.25
1965,CHEMBL264,Histamine H3 receptor,CC1CCCN1Cc2ccc(cc2)c3ccc(cc3)CN4CCCCC4,4112,9.01
1966,CHEMBL264,Histamine H3 receptor,CC1CCCN1c2cc3c(nc2)nc(o3)N4CCC(CC4)N5CCCCC5,7833,6.82
1967,CHEMBL264,Histamine H3 receptor,CC1CCN(CC1)C(=O)c2ccc3cc(ccc3c2)OC4CCN(C4)C(C)C,484,6.63
1968,CHEMBL264,Histamine H3 receptor,CC1CCN(CC1)C(=O)c2ccc3cc(ccc3c2)OC4CCN(CC4)C(C)C,484,7.47
1969,CHEMBL264,Histamine H3 receptor,CC1CCN(CC1)C(=O)c2ccc3cc(ccc3c2)OC4CCN(CC4)CC(C)C,484,7.44
1970,CHEMBL264,Histamine H3 receptor,CC1CCN(CC1)C(=O)c2ccc3cc(ccc3c2)OCCC4CCCN4C,484,6.24
1971,CHEMBL264,Histamine H3 receptor,CC1CCN(CC1)C(=O)c2ccc3cc(ccc3c2)OCCCN4CCCCC4,484,8.15
1972,CHEMBL264,Histamine H3 receptor,CC1CCN(CC1)C(=O)c2ccc3cc(ccc3c2)OCCCN4CCOCC4,484,5.7
1973,CHEMBL264,Histamine H3 receptor,CC1CCN(CC1)C(=O)c2ccc3cc(ccc3n2)OCCCN4CCCCC4,5794,6.52
1974,CHEMBL264,Histamine H3 receptor,CC1CCN(CC1)C2CCC(CC2)c3ccc(cc3)OCCCN4CCCCC4,3304,9.25
1975,CHEMBL264,Histamine H3 receptor,CC1CCN(CC1)CCCCCCCOc2ccc(cc2)Cl,16925,6.33
1976,CHEMBL264,Histamine H3 receptor,CC1CCN(CC1)CCCCCCCOc2cccc(c2)Cl,16925,6.09
1977,CHEMBL264,Histamine H3 receptor,CC1CCN(CC1)CCCCCCOc2ccc(cc2)Cl,22123,6.72
1978,CHEMBL264,Histamine H3 receptor,CC1CCN(CC1)CCCCCCOc2cccc(c2)Cl,22123,6.39
1979,CHEMBL264,Histamine H3 receptor,CC1CCN(CC1)CCCOCCCOc2ccc(cc2)C(C)(C)C,1709,8.11
1980,CHEMBL264,Histamine H3 receptor,CC1CCN(CC1)CCCOCCCOc2ccc(cc2)Cl,5551,8.46
1981,CHEMBL264,Histamine H3 receptor,CC1CCN(CC1)CCCOCCCOc2cccc(c2)OC,630,7.73
1982,CHEMBL264,Histamine H3 receptor,CC1CCN(CC1)CCCOCCOc2cccc(c2)OC,642,8.14
1983,CHEMBL264,Histamine H3 receptor,CC1CCN(CC1)Cc2ccc(cc2)c3ccc(cc3)CN4CCC(CC4)C,4112,8.21
1984,CHEMBL264,Histamine H3 receptor,CC1CCN(CC1)Cc2ccc(cc2)c3ccc(cc3)CN4CCCCC4,4112,8.62
1985,CHEMBL264,Histamine H3 receptor,CC1CCN(CC1)c2ccc3cc(ccc3n2)CCN4CCCC4C,10543,10.3
1986,CHEMBL264,Histamine H3 receptor,CC1CN(C(=O)c2n1c3cc(c(cc3c2)OC4CCN(CC4)C(C)C)Br)CC5CC5,13677,8.7
1987,CHEMBL264,Histamine H3 receptor,CC1CN(CC(O1)C)c2nnc(s2)N3CCC(CC3)N4CCCCC4,225,7.28
1988,CHEMBL264,Histamine H3 receptor,CC1CNC(=O)c2n1c3cc(c(cc3c2)OC4CCN(CC4)C(C)C)Br,13677,8.4
1989,CHEMBL264,Histamine H3 receptor,CC1COCCN1CCCOc2ccc3c(c2)CN(CC3c4ccc(cc4)OC)C,8734,8.21
1990,CHEMBL264,Histamine H3 receptor,CC1Cn2c3ccc(cc3cc2C(=O)N1)OC4CCN(CC4)C(C)C,15207,8.13
1991,CHEMBL264,Histamine H3 receptor,CC1Cn2c3ccc(cc3cc2C(=O)N1CC4CC4)OC5CCN(CC5)C(C)C,15207,8.3
1992,CHEMBL264,Histamine H3 receptor,CC=CCNC(=O)OCCCc1c[nH]cn1,18391,7.27
1993,CHEMBL264,Histamine H3 receptor,CCC(C)C(C(=O)N(C)C1CCC2(C3CCC45CN(C(C4CCC5C3CC=C2C1)C)C)C)N,5651,9.54
1994,CHEMBL264,Histamine H3 receptor,CCC(C)N1CCC(CC1)Oc2ccc(cc2)C#N,21968,7.82
1995,CHEMBL264,Histamine H3 receptor,CCC(C)NC(=O)OCCCc1c[nH]cn1,18391,7.58
1996,CHEMBL264,Histamine H3 receptor,CCC(CC)N1CCN(CC1)C(=O)CCC(=O)c2ccc(cc2)Cl,24184,9.06
1997,CHEMBL264,Histamine H3 receptor,CCC(CC)N1CCN(CC1)c2ccc3ccccc3n2,5075,8.54
1998,CHEMBL264,Histamine H3 receptor,CCC(CO)NS(=O)(=O)c1ccc(cc1)c2ccc(cc2)CCN3CCCC3C,7761,8.2
1999,CHEMBL264,Histamine H3 receptor,CCC(COc1ccc2c(c1)CCC3(O2)CCN(CC3)C4CCC4)O,19953,7.7
2000,CHEMBL264,Histamine H3 receptor,CCC1CCCN1CCc2ccc3cc(ccc3c2)c4ccc(cc4)C#N,4442,8.06
2001,CHEMBL264,Histamine H3 receptor,CCC=CCCNC(=O)OCCCc1c[nH]cn1,18391,7.09
2002,CHEMBL264,Histamine H3 receptor,CCC=CCNC(=O)OCCCc1c[nH]cn1,18391,7.57
2003,CHEMBL264,Histamine H3 receptor,CCCC=CCNC(=O)OCCCc1c[nH]cn1,18391,7.12
2004,CHEMBL264,Histamine H3 receptor,CCCCC(c1ccc(cc1)c2ccc(cc2)CN3CCCCC3)N4CCCC4C,21894,8.74
2005,CHEMBL264,Histamine H3 receptor,CCCCC(c1ccc(cc1)c2ccc(cc2)CN3CCCCC3)N4CCCCC4,21894,8.89
2006,CHEMBL264,Histamine H3 receptor,CCCCC(c1ccc(cc1)c2ccc(cc2)CN3CCCCC3)N4CCCCC4C,21894,8.56
2007,CHEMBL264,Histamine H3 receptor,CCCCN(C)Cc1ccc(cc1)OC2CCN(CC2)C(C)C,21586,8.83
2008,CHEMBL264,Histamine H3 receptor,CCCCN1CC2CCN(C2C1)c3ccc(cc3)c4ccc(cc4)C#N,12513,6.26
2009,CHEMBL264,Histamine H3 receptor,CCCCN1CCCC1Cn2c(=O)c3c(cccn3)c(n2)Cc4ccc(cc4)Cl,16539,6.2
2010,CHEMBL264,Histamine H3 receptor,CCCCN1CCCC1Cn2c(=O)c3ccccc3c(n2)Cc4ccc(cc4)Cl,5518,6.36
2011,CHEMBL264,Histamine H3 receptor,CCCCN1CCCC1Cn2c(=O)c3cccnc3c(n2)Cc4ccc(cc4)Cl,16515,6.2
2012,CHEMBL264,Histamine H3 receptor,CCCCN1CCCC1Cn2c(=O)c3ccncc3c(n2)Cc4ccc(cc4)Cl,16513,6.2
2013,CHEMBL264,Histamine H3 receptor,CCCCNC(=NC1CCCC1)SCCCc2c[nH]cn2,19436,7.33
2014,CHEMBL264,Histamine H3 receptor,CCCCNC(=NCc1ccc(c(c1)Cl)Cl)SCCCc2c[nH]cn2,19436,8.33
2015,CHEMBL264,Histamine H3 receptor,CCCCNC(=NCc1ccc(cc1)Cl)SCCCc2c[nH]cn2,19436,8.31
2016,CHEMBL264,Histamine H3 receptor,CCCCNC1CCC(CC1)c2ccc(cc2)OCCCN3CCCCC3,3304,9.23
2017,CHEMBL264,Histamine H3 receptor,CCCCNCCCCCc1c[nH]cn1,1508,8.4
2018,CHEMBL264,Histamine H3 receptor,CCCCNCCCCc1c[nH]cn1,11545,8.2
2019,CHEMBL264,Histamine H3 receptor,CCCCc1c[nH]cn1,11545,7.6
2020,CHEMBL264,Histamine H3 receptor,CCCN(C)CCc1ccc2cc(ccc2c1)c3ccc(cc3)C#N,4442,8.68
2021,CHEMBL264,Histamine H3 receptor,CCCN(CCC)Cc1ccc(cc1)c2ccc(cc2)CCN3CCCCC3,8387,8.41
2022,CHEMBL264,Histamine H3 receptor,CCCN(CCC)Cc1ccc(cc1)c2ccc(cc2)CN(CCC)CCC,4112,8.03
2023,CHEMBL264,Histamine H3 receptor,CCCN(CCC)Cc1ccc(cc1)c2ccc(cc2)CN3CCCCC3,4112,8.76
2024,CHEMBL264,Histamine H3 receptor,CCCN1CC2CCN(C2C1)c3ccc(cc3)c4ccc(cc4)C#N,12513,7.15
2025,CHEMBL264,Histamine H3 receptor,CCCN1CCC(C1)N(C)C(=O)c2ccc(cc2)n3c(nc4c3cccc4)C,6792,7.77
2026,CHEMBL264,Histamine H3 receptor,CCCN1CCC(CC1)Oc2ccc(cc2)C#N,21968,6.97
2027,CHEMBL264,Histamine H3 receptor,CCCNCCCCCc1c[nH]cn1,1508,8.3
2028,CHEMBL264,Histamine H3 receptor,CCCNCCCCc1c[nH]cn1,11545,8.1
2029,CHEMBL264,Histamine H3 receptor,CCCNS(=O)(=O)c1ccc(cc1)c2ccc(cc2)CCN3CCCC3C,7761,8.37
2030,CHEMBL264,Histamine H3 receptor,CCCn1c(=O)c2ccccc2nc1c3ccc(cc3)OCCCN4CCCCC4,9211,9.81
2031,CHEMBL264,Histamine H3 receptor,CCCn1c(=O)c2ccsc2c(n1)c3ccc(cc3)OCCCN4CCC(CC4)C,5664,7.64
2032,CHEMBL264,Histamine H3 receptor,CCCn1c(=O)c2ccsc2c(n1)c3ccc(cc3)OCCCN4CCCC4C,5664,8.82
2033,CHEMBL264,Histamine H3 receptor,CCN(C)C(=O)c1ccc(nc1)Oc2ccc3c(c2)CCN(CC3)C4CCC4,9510,9.2
2034,CHEMBL264,Histamine H3 receptor,CCN(C)C1CCN(C1)C(=O)c2ccc(cc2)Cn3c4ccccc4nc3c5ccccc5,22312,7.04
2035,CHEMBL264,Histamine H3 receptor,CCN(C1CCN(C1)C(C)C)C(=O)c2ccc(cc2)n3c(nc4c3cccc4)C,14902,7.72
2036,CHEMBL264,Histamine H3 receptor,CCN(C1CCN(C1)C2CCC2)C(=O)c3ccc(cc3)n4c(nc5c4cccc5)C,14902,7.82
2037,CHEMBL264,Histamine H3 receptor,CCN(C1CCN(C1)C2CCCC2)C(=O)c3ccc(cc3)n4c(nc5c4cccc5)C,14902,7.59
2038,CHEMBL264,Histamine H3 receptor,CCN1CCN(CC1)c2ccc3ccccc3n2,5075,8.22
2039,CHEMBL264,Histamine H3 receptor,CCN1CCN(CC1)c2nnc(s2)c3ccc(cc3)OC,3559,6.79
2040,CHEMBL264,Histamine H3 receptor,CCN1CCOC(C1)COc2ccc(cc2)CN3CCOCC3,21632,6.78
2041,CHEMBL264,Histamine H3 receptor,CCN1CCc2c(cccc2OCCCN3CCCCC3)C1,23666,7.08
2042,CHEMBL264,Histamine H3 receptor,CCN1CCc2c(nc(s2)OCCCN3CCCCC3)C1,144,7.85
2043,CHEMBL264,Histamine H3 receptor,CCN1CCc2cc(ccc2C1)OCCCN3CCCCC3,7072,9.27
2044,CHEMBL264,Histamine H3 receptor,CCN1CCc2ccc(cc2C1)OCCCN3CCCCC3,5757,9.47
2045,CHEMBL264,Histamine H3 receptor,CCN1CCc2ccc(cc2CC1)OCCCN3CCCCC3,23333,9.59
2046,CHEMBL264,Histamine H3 receptor,CCN1CCc2cccc(c2C1)OCCCN3CCCCC3,15248,7.02
2047,CHEMBL264,Histamine H3 receptor,CCNC(=O)C1CC(C1)(c2ccc(c(c2)F)CN3CCCC3)F,23765,8.7
2048,CHEMBL264,Histamine H3 receptor,CCNC(=O)C1CCN(CC1)Cc2ccc(cc2)OCCCN3CCCCC3,23663,8.53
2049,CHEMBL264,Histamine H3 receptor,CCOC(=O)N1CCN(CC1)CC(=O)c2ccc(cc2)OCCCN3CCCC3C,17039,8.4
2050,CHEMBL264,Histamine H3 receptor,CCOC(=O)c1c(noc1c2ccc3cc(ccc3n2)CCN4CCCC4C)C,10686,9.15
2051,CHEMBL264,Histamine H3 receptor,CCOC(=O)c1cc(on1)c2ccc3cc(ccc3n2)CCN4CCCC4C,10543,8.46
2052,CHEMBL264,Histamine H3 receptor,CCOC1Nc2cc(ccc2N1c3ccc(cc3)OCCCN4CCCCC4)F,9932,7.82
2053,CHEMBL264,Histamine H3 receptor,CCOc1ccc(cc1)C2CN(Cc3c2ccc(c3)OCCCN4CCC(CC4)F)C,8734,8.14
2054,CHEMBL264,Histamine H3 receptor,CCOc1ccc(cc1)Cc2c3ccccc3c(=O)n(n2)CC4CCCN4C,12469,6.5
2055,CHEMBL264,Histamine H3 receptor,CCOc1ccc(nn1)n2c(c(cn2)c3ccc4cc(ccc4n3)CCN5CCCC5C)C,5774,9.72
2056,CHEMBL264,Histamine H3 receptor,CCOc1ccccc1OCC2CN(CCO2)C(C)C,24103,5.05
2057,CHEMBL264,Histamine H3 receptor,CCOc1ccccc1OCC2CN(CCO2)C3CCC3,24103,5.15
2058,CHEMBL264,Histamine H3 receptor,CCOc1ccccc1OCC2CN(CCO2)C3CCCC3,24103,5.28
2059,CHEMBL264,Histamine H3 receptor,CCS(=O)(=O)N(C)C1CCC2(C3CCC45CN(C(C4CCC5C3CC=C2C1)C)C)C,5651,7.63
2060,CHEMBL264,Histamine H3 receptor,CCS(=O)(=O)N1CCC(CC1)Oc2ccc3c(c2)CCC4(O3)CCN(CC4)C5CCC5,19953,8.15
2061,CHEMBL264,Histamine H3 receptor,CCSC1Nc2cc(ccc2N1c3ccc(cc3)OCCCN4CCCCC4)F,9932,8.59
2062,CHEMBL264,Histamine H3 receptor,CN1C(=O)C2CC2C(=N1)c3ccc(cc3)OC4CCN(CC4)C5CCC5,4776,8.4
2063,CHEMBL264,Histamine H3 receptor,CN1C(=O)C2CC2C(=N1)c3ccc(cc3)OC4CCN(CC4)C5CCCC5,4776,8.44
2064,CHEMBL264,Histamine H3 receptor,CN1C(=O)C2CCCC2C(=N1)c3ccc(cc3)OCCCN4CCCCC4,14615,8.64
2065,CHEMBL264,Histamine H3 receptor,CNc1ccc(cc1)N2CCC(CC2)Cc3c[nH]cn3,7836,8.8
2066,CHEMBL264,Histamine H3 receptor,COC(=O)C1CCN(CC1)CCCOc2ccc(cc2)n3c4ccc(cc4nc3c5ccccn5)F,3097,7.8
2067,CHEMBL264,Histamine H3 receptor,COC(=O)N1CC(CC1C(=O)N2CCCN(CC2)C3CCC3)Oc4ccc(cc4)F,9964,8.82
2068,CHEMBL264,Histamine H3 receptor,COC(=O)N1CC(CC1C(=O)N2CCCN(CC2)C3CCC3)Oc4cccc(c4)F,9964,8.8
2069,CHEMBL264,Histamine H3 receptor,COC1(CCCN(C1)c2nnc(s2)N3CCC(CC3)N4CCCCC4)c5ccccn5,22981,7.96
2070,CHEMBL264,Histamine H3 receptor,COC1CCCN(C1)c2nnc(s2)N3CCC(CC3)N4CCCCC4,225,7.43
2071,CHEMBL264,Histamine H3 receptor,COC1CCN(CC1)C(=O)c2ccc3cc(ccc3c2)OCCCN4CCCCC4,484,7.52
2072,CHEMBL264,Histamine H3 receptor,COCC1CCCN1CCCOc2ccc(cc2)C(=O)CN3CCOCC3,8663,5.93
2073,CHEMBL264,Histamine H3 receptor,COCCN1CCCC1Cn2c(=O)c3c(cccn3)c(n2)Cc4ccc(cc4)Cl,16539,6.2
2074,CHEMBL264,Histamine H3 receptor,COCCN1CCCC1Cn2c(=O)c3ccccc3c(n2)Cc4ccc(cc4)Cl,5518,6.4
2075,CHEMBL264,Histamine H3 receptor,COCCN1CCCC1Cn2c(=O)c3cccnc3c(n2)Cc4ccc(cc4)Cl,16515,6.2
2076,CHEMBL264,Histamine H3 receptor,COCCN1CCCC1Cn2c(=O)c3ccncc3c(n2)Cc4ccc(cc4)Cl,16513,6.2
2077,CHEMBL264,Histamine H3 receptor,COCCNCc1cc(no1)OCCCN2CCCCC2,6575,7.1
2078,CHEMBL264,Histamine H3 receptor,COCCOc1ccc2c(c1)CCC3(O2)CCN(CC3)C4CCC4,19953,7.38
2079,CHEMBL264,Histamine H3 receptor,COc1ccc(cc1)C2CNCc3c2cnc(c3)OCCCN4CCCCC4,3266,8.4
2080,CHEMBL264,Histamine H3 receptor,COc1ccc(cc1)C2CNCc3c2cnc(c3)OCCCN4CCOCC4,3266,7.37
2081,CHEMBL264,Histamine H3 receptor,COc1ccc(cc1)CCN2CCCC2,9756,7.39
2082,CHEMBL264,Histamine H3 receptor,COc1ccc(cc1)CCNC(=N)SCCCc2c[nH]cn2,10424,7.7
2083,CHEMBL264,Histamine H3 receptor,COc1ccc(cc1)CNC(=N)SCCCc2c[nH]cn2,19436,8.1
2084,CHEMBL264,Histamine H3 receptor,COc1ccc(cc1)CNC(=O)N(c2ccc(cc2)Br)C3CCN(CC3)C4CCCC4,15079,7.33
2085,CHEMBL264,Histamine H3 receptor,COc1ccc(cc1)CNC(=O)N2CCCC2CN3CCCC3,16903,6.53
2086,CHEMBL264,Histamine H3 receptor,COc1ccc(cc1)Cc2c3ccccc3c(=O)n(n2)CC4CCCN4CCCCc5ccc(cc5)OCCCN6CCCCCC6,20980,9.5
2087,CHEMBL264,Histamine H3 receptor,COc1ccc(cc1)N2CCC(CC2)Cc3c[nH]cn3,7836,8.27
2088,CHEMBL264,Histamine H3 receptor,COc1ccc(cc1)OCCCc2c[nH]cn2,14357,7.33
2089,CHEMBL264,Histamine H3 receptor,COc1ccc(cc1)c2nnc(s2)N3CCC(CC3)N4CCCC4,225,6.22
2090,CHEMBL264,Histamine H3 receptor,COc1ccc(cc1)c2nnc(s2)N3CCC(CC3)N4CCCCC4,225,7.4
2091,CHEMBL264,Histamine H3 receptor,COc1ccc(cc1)c2nnc(s2)N3CCN(CC3)C4CCCC4,3559,6.74
2092,CHEMBL264,Histamine H3 receptor,COc1ccc(cn1)c2cc3c(cn2)nc(s3)N4CCC(CC4)N5CCCCC5,12117,7.03
2093,CHEMBL264,Histamine H3 receptor,COc1ccc(cn1)c2cc3c(nc2)nc(s3)N4CCC(CC4)N5CCCCC5,3995,7.46
2094,CHEMBL264,Histamine H3 receptor,COc1ccc2c(c1)CCCN(C2)C3CCN(CC3)C(=O)C4(CCN(CC4)Cc5ccnc(c5)N)F,9195,9.0
2095,CHEMBL264,Histamine H3 receptor,COc1ccc2c(c1)CN(CCC2)C3CCN(CC3)C(=O)C4(CCN(CC4)Cc5ccnc(c5)N)F,9195,8.7
2096,CHEMBL264,Histamine H3 receptor,COc1ccc2c(c1)c(c[nH]2)CCN(CC=C)CC=C,14839,5.77
2097,CHEMBL264,Histamine H3 receptor,COc1ccc2c(c1)cc([nH]2)CCN3CCCC3,83,6.64
2098,CHEMBL264,Histamine H3 receptor,COc1ccc2c(c1)ccc(n2)N3CCN(CC3)C4CC4,5075,8.52
2099,CHEMBL264,Histamine H3 receptor,COc1cccc(c1)C2CN3CCCC3c4c2ccc(c4)OCCCN5CCCCC5,11637,8.45
2100,CHEMBL264,Histamine H3 receptor,COc1cccc(c1)CNC(=O)N2CCCC2CN3CCCC3,16903,6.73
2101,CHEMBL264,Histamine H3 receptor,COc1cccc(c1)OC2CC(NC2)C(=O)N3CCCN(CC3)C4CCC4,9964,8.3
2102,CHEMBL264,Histamine H3 receptor,COc1cccc(c1)OCCCOCCCN2CCCCCC2,630,8.49
2103,CHEMBL264,Histamine H3 receptor,COc1cccc(c1)OCCOCCCN2CCCCCC2,642,7.21
2104,CHEMBL264,Histamine H3 receptor,COc1cccc(c1)c2cc3c(cn2)nc(s3)N4CCC(CC4)N5CCCCC5,12117,6.64
2105,CHEMBL264,Histamine H3 receptor,COc1cccc(c1)c2cc3c(nc2)nc(s3)N4CCC(CC4)N5CCCCC5,3995,6.85
2106,CHEMBL264,Histamine H3 receptor,COc1cccc(c1)c2nnc(s2)N3CCC(CC3)N4CCCCC4,225,7.5
2107,CHEMBL264,Histamine H3 receptor,COc1cccc(n1)c2cc3c(nc2)nc(o3)N4CCC(CC4)N5CCCCC5,7833,7.64
2108,CHEMBL264,Histamine H3 receptor,COc1cccc(n1)c2nnc(s2)N3CCC(CC3)N4CCCCC4,225,8.46
2109,CHEMBL264,Histamine H3 receptor,COc1ccccc1CCN2CCCC2,23051,6.47
2110,CHEMBL264,Histamine H3 receptor,COc1ccccc1c2ccc(cc2)OCCCN3CCCCC3,2117,8.66
2111,CHEMBL264,Histamine H3 receptor,COc1ccccc1c2nnc(s2)N3CCC(CC3)N4CCCCC4,225,7.4
2112,CHEMBL264,Histamine H3 receptor,COc1ccnc2c1cccc2c3cc4c(nc3)nc(o4)N5CCC(CC5)N6CCCCC6,7833,7.1
2113,CHEMBL264,Histamine H3 receptor,COc1ncc(s1)c2nnc(s2)N3CCC(CC3)N4CCCCC4,225,7.55
2114,CHEMBL264,Histamine H3 receptor,CS(=O)(=O)CCCOc1ccc2c(c1)CCC3(O2)CCN(CC3)C4CCC4,19953,8.0
2115,CHEMBL264,Histamine H3 receptor,CS(=O)(=O)CCOc1ccc2c(c1)CCC3(O2)CCN(CC3)C4CCC4,19953,7.41
2116,CHEMBL264,Histamine H3 receptor,CS(=O)(=O)N1CC(CC1C(=O)N2CCCN(CC2)C3CCC3)Oc4ccc(cc4)F,9964,8.92
2117,CHEMBL264,Histamine H3 receptor,CS(=O)(=O)N1CCC(CC1)N(c2ccc(cc2)Cl)C(=O)NCc3ccc(cc3)F,19507,6.07
2118,CHEMBL264,Histamine H3 receptor,CS(=O)(=O)N1CCC(CC1)Oc2ccc3c(c2)CCC4(O3)CCN(CC4)C5CCC5,19953,8.15
2119,CHEMBL264,Histamine H3 receptor,CS(=O)(=O)N1CCC(CC1)Oc2ccc3c(c2)CCN(CC3)C4CCC4,3940,9.1
2120,CHEMBL264,Histamine H3 receptor,CS(=O)(=O)N1CCCc2cc(ccc2C1)OCCCN3CCCCC3,8035,8.54
2121,CHEMBL264,Histamine H3 receptor,CS(=O)(=O)N1CCc2ccc(cc2C1)OCCCN3CCCCC3,5757,7.62
2122,CHEMBL264,Histamine H3 receptor,CS(=O)(=O)N1CCc2ccc(cc2CC1)OCCCN3CCCCC3,23333,7.92
2123,CHEMBL264,Histamine H3 receptor,CS(=O)(=O)c1ccc(cc1)C(=O)N2CCN(C(=O)C2)c3ccc(cc3)OC4CCN(CC4)C5CCC5,11561,8.9
2124,CHEMBL264,Histamine H3 receptor,CS(=O)(=O)c1ccc(cc1)C(=O)N2CCN(C(=O)C2)c3ccc(cc3)OC4CCN(CC4)C5CCCC5,11561,9.1
2125,CHEMBL264,Histamine H3 receptor,CS(=O)(=O)c1ccc(cc1)C(=O)N2CCN(C(=O)C2)c3ccc(cc3)OCCCN4CCCCC4,11561,8.6
2126,CHEMBL264,Histamine H3 receptor,CS(=O)(=O)c1cccc(c1)C(=O)N2CCN(C(=O)C2)c3ccc(cc3)OC4CCN(CC4)C5CCCC5,11561,8.0
2127,CHEMBL264,Histamine H3 receptor,CS(=O)(=O)c1cccc(c1)C(=O)N2CCN(C(=O)C2)c3ccc(cc3)OCCCN4CCCCC4,11561,8.5
2128,CHEMBL264,Histamine H3 receptor,CSCCCOc1ccc2c(c1)CCC3(O2)CCN(CC3)C4CCC4,19953,7.82
2129,CHEMBL264,Histamine H3 receptor,CSCCOc1ccc2c(c1)CCC3(O2)CCN(CC3)C4CCC4,19953,7.42
2130,CHEMBL264,Histamine H3 receptor,CSc1ccc(cc1)C2CN3CCCC3c4c2ccc(c4)OCCCN5CCCCC5,11637,8.44
2131,CHEMBL264,Histamine H3 receptor,Cc1c(c(n[nH]1)C)c2ccc3cc(ccc3n2)CCN4CCCC4C,10543,9.02
2132,CHEMBL264,Histamine H3 receptor,Cc1c(c(no1)c2ccc(cc2)Cl)c3ccc4cc(ccc4n3)CCN5CCCC5C,4769,9.8
2133,CHEMBL264,Histamine H3 receptor,Cc1c(c(no1)c2ccccc2)c3ccc4cc(ccc4n3)CCN5CCCC5C,4769,10.0
2134,CHEMBL264,Histamine H3 receptor,Cc1c(c(on1)C)c2ccc(nc2)Oc3ccc4c(c3)CCN(CC4)C5CCC5,19492,9.3
2135,CHEMBL264,Histamine H3 receptor,Cc1c(c(on1)c2ccc3cc(ccc3n2)CCN4CCCC4C)C(=O)OC,10686,9.15
2136,CHEMBL264,Histamine H3 receptor,Cc1c(c[nH]n1)c2ccc3cc(ccc3n2)CCN4CCCC4C,10543,9.7
2137,CHEMBL264,Histamine H3 receptor,Cc1c(cc(=O)[nH]n1)c2ccc(cc2)OC3CCN(CC3)C4CCC4,4271,8.3
2138,CHEMBL264,Histamine H3 receptor,Cc1c(cc(=O)n(n1)C)c2ccc(cc2)OC3CCN(CC3)C4CCC4,4271,8.4
2139,CHEMBL264,Histamine H3 receptor,Cc1c(cc(=O)n(n1)c2ccccn2)c3ccc(cc3)OC4CCN(CC4)C5CCC5,22388,8.52
2140,CHEMBL264,Histamine H3 receptor,Cc1c(cn(n1)C)c2ccc3cc(ccc3n2)CCN4CCCC4C,10543,9.33
2141,CHEMBL264,Histamine H3 receptor,Cc1c(cnn1C)c2ccc3cc(ccc3n2)CCN4CCCC4C,10543,9.8
2142,CHEMBL264,Histamine H3 receptor,Cc1c(cnn1c2ccc(nn2)N(C)C)c3ccc4cc(ccc4n3)CCN5CCCC5C,5774,9.71
2143,CHEMBL264,Histamine H3 receptor,Cc1c(n(c(=O)[nH]c1=O)Cc2ccc(cc2)OCCCN3CCCCC3)C,12588,7.75
2144,CHEMBL264,Histamine H3 receptor,Cc1c(n(c(=O)n(c1=O)C(=O)c2ccccc2)Cc3ccc(cc3)OCCCN4CCCCC4)C,12588,7.46
2145,CHEMBL264,Histamine H3 receptor,Cc1c(nc(o1)c2ccccc2)CCN3CCCC3,15951,7.59
2146,CHEMBL264,Histamine H3 receptor,Cc1c(nc(o1)c2ccccc2)CCN3CCCC3C,15951,8.0
2147,CHEMBL264,Histamine H3 receptor,Cc1c(oc(n1)C)c2ccc3cc(ccc3n2)CCN4CCCC4C,10543,9.25
2148,CHEMBL264,Histamine H3 receptor,Cc1c(sc(n1)C)c2ccc3cc(ccc3n2)CCN4CCCC4C,10543,9.71
2149,CHEMBL264,Histamine H3 receptor,Cc1c(sc(n1)N2CCOCC2)c3ccc4cc(ccc4n3)CCN5CCCC5C,5112,9.25
2150,CHEMBL264,Histamine H3 receptor,Cc1c(sc(n1)c2ccccn2)c3ccc4cc(ccc4n3)CCN5CCCC5C,5112,9.47
2151,CHEMBL264,Histamine H3 receptor,Cc1c(sc(n1)c2cccnc2)c3ccc4cc(ccc4n3)CCN5CCCC5C,5112,9.46
2152,CHEMBL264,Histamine H3 receptor,Cc1c(sc(n1)c2cccs2)c3ccc4cc(ccc4n3)CCN5CCCC5C,5112,9.01
2153,CHEMBL264,Histamine H3 receptor,Cc1c(sc(n1)c2ccncc2)c3ccc4cc(ccc4n3)CCN5CCCC5C,5112,9.51
2154,CHEMBL264,Histamine H3 receptor,Cc1c(sc(n1)c2cnccn2)c3ccc4cc(ccc4n3)CCN5CCCC5C,5112,9.46
2155,CHEMBL264,Histamine H3 receptor,Cc1c(sc2n1ncn2)c3ccc4cc(ccc4n3)CCN5CCCC5C,10543,10.0
2156,CHEMBL264,Histamine H3 receptor,Cn1cccc1C(=O)N2CCN(CC2)CCCOc3ccc4c(c3)CN(CC4c5ccc(cc5)OC)C,8734,5.58
2157,CHEMBL264,Histamine H3 receptor,Cn1cccc1C(=O)NCCc2ccc(c(c2)Br)OCC3CCCN(C3)C,18135,5.78
2158,CHEMBL264,Histamine H3 receptor,Cn1cccc1C(=O)NCCc2ccc(c(c2)Br)OCCCN(C)C,18135,5.75
2159,CHEMBL264,Histamine H3 receptor,Cn1cccc1C(=O)NCCc2ccc(c(c2)Br)OCCN(C)C,18135,5.67
2160,CHEMBL264,Histamine H3 receptor,Cn1cccc1C(=O)NCCc2ccc(c(c2)Br)OCCN3CCCC3,18135,6.89
2161,CHEMBL264,Histamine H3 receptor,c1cc([nH]c1)C(=O)NCCc2ccc(c(c2)Br)OCCN3CCCC3,18135,6.82
2162,CHEMBL264,Histamine H3 receptor,c1cc(c(cc1C2CNCc3c2cnc(c3)OCCCN4CCCCC4)Cl)Cl,2718,8.3
2163,CHEMBL264,Histamine H3 receptor,c1cc(c(cc1CCNC(=O)c2[nH]cnn2)Br)OCCN3CCCC3,18135,6.37
2164,CHEMBL264,Histamine H3 receptor,c1cc(c(cc1CCNC(=O)c2cc(c[nH]2)Br)Br)OCCN3CCCC3,18135,6.72
2165,CHEMBL264,Histamine H3 receptor,c1cc(c(cc1CCNC(=O)c2cc(cs2)Br)Br)OCCN3CCC(C3)F,18135,5.95
2166,CHEMBL264,Histamine H3 receptor,c1cc(c(cc1CCNC(=O)c2cc(cs2)Br)Br)OCCN3CCCC3,18135,7.1
2167,CHEMBL264,Histamine H3 receptor,c1cc(c(cc1CCNC(=O)c2ccc(o2)Br)Br)OCCN3CCCC3,18135,6.77
2168,CHEMBL264,Histamine H3 receptor,c1cc(c(cc1CCNC(=O)c2cnco2)Br)OCCN3CCCC3,18135,7.52
2169,CHEMBL264,Histamine H3 receptor,c1cc(c(cc1CCNC(=O)c2cncs2)Br)OCCN3CCCC3,18135,6.92
2170,CHEMBL264,Histamine H3 receptor,c1cc(c(cc1CCNC(=O)c2nccs2)Br)OCCN3CCCC3,18135,7.52
2171,CHEMBL264,Histamine H3 receptor,c1cc(c(cc1CN=C(NC2CCCCC2)SCCCc3c[nH]cn3)Cl)Cl,19436,8.99
2172,CHEMBL264,Histamine H3 receptor,c1cc(c(cc1CNC(=O)N2CCN(CC2)C3CCCC3)Cl)Cl,12773,7.82
2173,CHEMBL264,Histamine H3 receptor,c1cc(c(cc1OC2CCN(CC2)C3CCC3)Cl)C(=O)NC4CCN(CC4)C5CCC5,4731,8.17
2174,CHEMBL264,Histamine H3 receptor,c1cc(c(cc1Oc2ccc(cn2)C(=O)N3CCCN(CC3)C4CCC4)Cl)Cl,15192,8.12
2175,CHEMBL264,Histamine H3 receptor,c1cc(c(cc1Oc2ccc(nc2)C(=O)N3CCCN(CC3)C4CC4)Cl)Cl,15191,8.0
2176,CHEMBL264,Histamine H3 receptor,c1cc(c(cc1c2cc3c(cn2)nc(s3)N4CCC(CC4)N5CCCCC5)C#N)F,12117,7.34
2177,CHEMBL264,Histamine H3 receptor,c1cc(c(cc1c2cc3c(nc2)nc(o3)N4CCC(CC4)N5CCCCC5)C#N)F,7833,7.44
2178,CHEMBL264,Histamine H3 receptor,c1cc(c(cc1c2cc3c(nc2)nc(s3)N4CCC(CC4)N5CCCCC5)C#N)F,3995,7.64
2179,CHEMBL264,Histamine H3 receptor,c1cc(c(nc1)F)c2cc3c(cn2)nc(s3)N4CCC(CC4)N5CCCCC5,12117,7.7
2180,CHEMBL264,Histamine H3 receptor,c1cc(c(nc1)F)c2cc3c(nc2)nc(s3)N4CCC(CC4)N5CCCCC5,3995,7.38
2181,CHEMBL264,Histamine H3 receptor,c1cc(c2c(c1)OCCO2)c3cc4c(nc3)nc(o4)N5CCC(CC5)N6CCCCC6,7833,6.93
2182,CHEMBL264,Histamine H3 receptor,c1cc(cc(c1)Br)C(=O)NCCc2ccc(c(c2)Br)OCCN3CCCC3,18135,6.68
2183,CHEMBL264,Histamine H3 receptor,c1cc(cc(c1)C#CCCN2CCCCC2)CN3CCCC3,17789,7.09
2184,CHEMBL264,Histamine H3 receptor,c1cc(cc(c1)C#CCCN2CCCCC2)CN3CCCCC3,17789,9.11
2185,CHEMBL264,Histamine H3 receptor,c1cc(cc(c1)C#CCCN2CCCCC2)CN3CCOCC3,17789,8.98
2186,CHEMBL264,Histamine H3 receptor,c1cc(cc(c1)C#CCCN2CCOCC2)CN3CCCCC3,17789,7.84
2187,CHEMBL264,Histamine H3 receptor,c1cc(cc(c1)C(=O)N2CCC2)c3nnc(s3)N4CCC(CC4)N5CCCCC5,2207,7.1
2188,CHEMBL264,Histamine H3 receptor,c1cc(cc(c1)Cl)C(=O)NCCc2ccc(c(c2)Br)OCCN3CCCC3,18135,6.6
2189,CHEMBL264,Histamine H3 receptor,c1cc(cc(c1)Cl)NC(=O)CCN2CCC(CC2)Cc3c[nH]cn3,6798,9.4
2190,CHEMBL264,Histamine H3 receptor,c1cc(cc(c1)Cl)OC2CC(NC2)C(=O)N3CCCN(CC3)C4CCC4,9964,8.6
2191,CHEMBL264,Histamine H3 receptor,c1cc(cc(c1)Cl)OCCCCCCCN2CCCCC2,16925,6.48
2192,CHEMBL264,Histamine H3 receptor,c1cc(cc(c1)Cl)OCCCCCCN2CCCCC2,22123,6.59
2193,CHEMBL264,Histamine H3 receptor,c1cc(cc(c1)Cl)OCCCCCCN2CCCCCC2,22123,6.53
2194,CHEMBL264,Histamine H3 receptor,c1cc(cc(c1)Cl)OCCN2CCC(CC2)N3CCCCC3,20334,6.63
2195,CHEMBL264,Histamine H3 receptor,c1cc(cc(c1)Cl)Oc2ccc(cn2)C(=O)N3CCCN(CC3)C4CC4,4409,7.77
2196,CHEMBL264,Histamine H3 receptor,c1cc(cc(c1)Cl)Oc2ccc(cn2)C(=O)N3CCCN(CC3)C4CCC4,4409,9.0
2197,CHEMBL264,Histamine H3 receptor,c1cc(cc(c1)Cl)c2nnc(s2)N3CCC(CC3)N4CCCCC4,225,7.31
2198,CHEMBL264,Histamine H3 receptor,c1cc(cc(c1)F)NC(=O)CCN2CCC(CC2)Cc3c[nH]cn3,6798,8.72
2199,CHEMBL264,Histamine H3 receptor,c1cc(cc(c1)F)OC2CC(N(C2)C(=O)C3CC3)C(=O)N4CCCN(CC4)C5CCC5,9964,8.12
2200,CHEMBL264,Histamine H3 receptor,c1cc(cc(c1)F)OC2CC(N(C2)CC3CC3)C(=O)N4CCCN(CC4)C5CCC5,9964,8.15
2201,CHEMBL264,Histamine H3 receptor,c1cc(cc(c1)F)Oc2ccc(cn2)C(=O)N3CCCN(CC3)C4CC4,20224,7.8
2202,CHEMBL264,Histamine H3 receptor,c1cc(cc(c1)F)Oc2ccc(cn2)C(=O)N3CCCN(CC3)C4CCC4,20224,8.39
2203,CHEMBL264,Histamine H3 receptor,c1cc(cc(c1)F)c2ccc3c(c2)CCN(C3=O)CCN4CCCC4,1946,7.94
2204,CHEMBL264,Histamine H3 receptor,c1cc(cc(c1)F)c2nnc(s2)N3CCC(CC3)N4CCCCC4,225,7.21
2205,CHEMBL264,Histamine H3 receptor,c1cc(cc(c1)O)C2CN3CCCC3c4c2ccc(c4)OCCCN5CCCCC5,11637,8.72
2206,CHEMBL264,Histamine H3 receptor,c1cc(cc(c1)OC(F)(F)F)c2ccc3c(c2)CCN(C3=O)CCN4CCCC4,1946,7.55
2207,CHEMBL264,Histamine H3 receptor,c1cc(cc(c1)OCC2CN(CCO2)C3CC3)CN4CCOCC4,3251,6.25
2208,CHEMBL264,Histamine H3 receptor,c1cc(cc(c1)OCC2CN(CCO2)C3CCC3)CN4CCOCC4,3251,7.43
2209,CHEMBL264,Histamine H3 receptor,c1cc(cc(c1)Oc2ccc(cn2)C(=O)N3CCCN(CC3)C4CC4)C#N,20944,7.92
2210,CHEMBL264,Histamine H3 receptor,c1cc(cc(c1)Oc2ccc(cn2)C(=O)N3CCCN(CC3)C4CCC4)C#N,20944,8.74
2211,CHEMBL264,Histamine H3 receptor,c1cc(cc(c1)c2cc3c(nc2)nc(o3)N4CCC(CC4)N5CCCCC5)C=O,7833,7.24
2212,CHEMBL264,Histamine H3 receptor,c1cc(cc(c1)c2cc3c(nc2)nc(o3)N4CCC(CC4)N5CCCCC5)CO,7833,6.6
2213,CHEMBL264,Histamine H3 receptor,c1cc(cc(c1)c2ccc3c(c2)CCN(C3=O)CCN4CCCC4)C#N,1946,8.47
2214,CHEMBL264,Histamine H3 receptor,c1cc(cc(c1)c2ccncc2)Cc3c[nH]cn3,11565,6.37
2215,CHEMBL264,Histamine H3 receptor,c1cc(cc(c1)c2nnc(s2)N3CCC(CC3)N4CCCCC4)C#N,225,7.37
2216,CHEMBL264,Histamine H3 receptor,c1cc(cc2c1cc(cc2)OCCCN3CCCCC3)C(=O)N4CCC(CC4)CO,484,6.99
2217,CHEMBL264,Histamine H3 receptor,c1cc(cc2c1cc(cc2)OCCCN3CCCCC3)C(=O)N4CCCC4,484,8.4
2218,CHEMBL264,Histamine H3 receptor,c1cc(cc2c1cc(o2)C(=O)N3CCCC3CN4CCCC4)C(F)(F)F,24345,7.82
2219,CHEMBL264,Histamine H3 receptor,c1cc(cc2c1cc(o2)C(=O)N3CCCC3CN4CCCCC4)C(F)(F)F,24345,7.66
2220,CHEMBL264,Histamine H3 receptor,c1cc(ccc1C#N)C(=O)N2CCN(C(=O)C2)c3ccc(cc3)OC4CCN(CC4)C5CCC5,11561,9.0
2221,CHEMBL264,Histamine H3 receptor,c1cc(ccc1C#N)C(=O)N2CCN(C(=O)C2)c3ccc(cc3)OC4CCN(CC4)C5CCCC5,11561,9.1
2222,CHEMBL264,Histamine H3 receptor,c1cc(ccc1C#N)C(=O)N2CCN(C(=O)C2)c3ccc(cc3)OCCCN4CCCC4,11561,8.2
2223,CHEMBL264,Histamine H3 receptor,c1cc(ccc1C#N)C(=O)N2CCN(C(=O)C2)c3ccc(cc3)OCCCN4CCCCC4,11561,8.8
2224,CHEMBL264,Histamine H3 receptor,c1cc(ccc1C#N)C(=O)N2CCN(C(=O)C2)c3ccc(cc3)OCCCN4CCCCCC4,11561,8.5
2225,CHEMBL264,Histamine H3 receptor,c1cc(ccc1C#N)OC2CC(NC2)C(=O)N3CCCN(CC3)C4CC4,9964,7.64
2226,CHEMBL264,Histamine H3 receptor,c1cc(ccc1C#N)OC2CC(NC2)C(=O)N3CCCN(CC3)C4CCCC4,9964,8.45
2227,CHEMBL264,Histamine H3 receptor,c1cc(ccc1C#N)OC2CCN(CC2)C3CCCC3,21968,7.89
2228,CHEMBL264,Histamine H3 receptor,c1cc(ccc1C#N)OC2CCN(CC2)C3CCCCC3,21968,7.49
2229,CHEMBL264,Histamine H3 receptor,c1cc(ccc1C#N)c2cc(nc(n2)N)N3CCNCC3,5465,6.03
2230,CHEMBL264,Histamine H3 receptor,c1cc(ccc1C#N)c2cc3c(cn2)nc(s3)N4CCC(CC4)N5CCCCC5,12117,6.9
2231,CHEMBL264,Histamine H3 receptor,c1cc(ccc1C#N)c2cc3c(nc2)nc(o3)N4CCC(CC4)N5CCCCC5,7833,7.43
2232,CHEMBL264,Histamine H3 receptor,c1cc(ccc1C#N)c2cc3c(nc2)nc(s3)N4CCC(CC4)N5CCCCC5,3995,7.55
2233,CHEMBL264,Histamine H3 receptor,c1cc(ccc1C#N)c2ccc(cc2)N3CCC4C3CN(C4)CC5CC5,12513,7.26
2234,CHEMBL264,Histamine H3 receptor,c1cc(ccc1C#N)c2ccc(cc2)N3CCC4C3CNC4,12513,6.49
2235,CHEMBL264,Histamine H3 receptor,c1cc(ccc1C#N)c2ccc(cc2)OCCCN3CCC(C3)N,2117,8.21
2236,CHEMBL264,Histamine H3 receptor,c1cc(ccc1C#N)c2ccc(cc2)OCCCN3CCC(C3)O,2117,7.89
2237,CHEMBL264,Histamine H3 receptor,c1cc(ccc1C#N)c2ccc(cc2)OCCCN3CCC(CC3)N,2117,6.7
2238,CHEMBL264,Histamine H3 receptor,c1cc(ccc1C#N)c2ccc(cc2)OCCCN3CCCC3,2117,8.14
2239,CHEMBL264,Histamine H3 receptor,c1cc(ccc1C#N)c2ccc3c(c2)CCN(C3=O)CCCN4CCCC4,1946,8.16
2240,CHEMBL264,Histamine H3 receptor,c1cc(ccc1C#N)c2ccc3c(c2)CCN(C3=O)CCCN4CCCCC4,1946,7.74
2241,CHEMBL264,Histamine H3 receptor,c1cc(ccc1C#N)c2ccc3c(c2)CCN(C3=O)CCN4CCCC4,1946,8.41
2242,CHEMBL264,Histamine H3 receptor,c1cc(ccc1C#N)c2ccc3cc(ccc3c2)CCN4CCC(C4)O,4442,8.81
2243,CHEMBL264,Histamine H3 receptor,c1cc(ccc1C#N)c2ccc3cc(ccc3c2)CCN4CCCC4,4442,9.31
2244,CHEMBL264,Histamine H3 receptor,c1cc(ccc1C#N)c2ccc3cc(ccc3c2)CCN4CCCC4CF,4442,9.09
2245,CHEMBL264,Histamine H3 receptor,c1cc(ccc1C#N)c2ccc3cc(ccc3c2)CCN4CCCC4CO,4442,8.95
2246,CHEMBL264,Histamine H3 receptor,c1cc(ccc1C#N)c2nnc(s2)N3CCC(CC3)N4CCCCC4,225,7.44
2247,CHEMBL264,Histamine H3 receptor,c1cc(ccc1C(=O)CCC(=O)N2CCN(CC2)C3CCCC3)Cl,24184,8.92
2248,CHEMBL264,Histamine H3 receptor,c1cc(ccc1C(=O)CN2CCCCC2)OCCCN3CCCC3,8663,7.49
2249,CHEMBL264,Histamine H3 receptor,c1cc(ccc1C(=O)CN2CCOCC2)OCCCN3CCCC3,8663,6.97
2250,CHEMBL264,Histamine H3 receptor,c1cc(ccc1C(=O)CN2CCOCC2)OCCCN3CCCCC3,8663,7.18
2251,CHEMBL264,Histamine H3 receptor,c1cc(ccc1C(=O)N2CCC(CC2)Oc3ccc4c(c3)CCN(CC4)C5CCC5)Cl,3940,9.3
2252,CHEMBL264,Histamine H3 receptor,c1cc(ccc1C(=O)N2CCC2)C(=O)N3CCN(C(=O)C3)c4ccc(cc4)OC5CCN(CC5)C6CCC6,13391,9.5
2253,CHEMBL264,Histamine H3 receptor,c1cc(ccc1C(=O)N2CCC2)C(=O)N3CCN(C(=O)C3)c4ccc(cc4)OCCCN5CCCCC5,13391,9.2
2254,CHEMBL264,Histamine H3 receptor,c1cc(ccc1C(=O)N2CCN(C(=O)C2)c3ccc(cc3)OC4CCN(CC4)C5CCC5)Cl,11561,9.2
2255,CHEMBL264,Histamine H3 receptor,c1cc(ccc1C(=O)N2CCN(C(=O)C2)c3ccc(cc3)OC4CCN(CC4)C5CCC5)F,11561,9.2
2256,CHEMBL264,Histamine H3 receptor,c1cc(ccc1C(=O)N2CCN(C(=O)C2)c3ccc(cc3)OC4CCN(CC4)C5CCCC5)Cl,11561,8.5
2257,CHEMBL264,Histamine H3 receptor,c1cc(ccc1C(=O)N2CCN(C(=O)C2)c3ccc(cc3)OC4CCN(CC4)C5CCCC5)F,11561,8.6
2258,CHEMBL264,Histamine H3 receptor,c1cc(ccc1C(=O)N2CCN(C(=O)C2)c3ccc(cc3)OCCCN4CCCC4)F,11561,9.1
2259,CHEMBL264,Histamine H3 receptor,c1cc(ccc1C(=O)N2CCN(C(=O)C2)c3ccc(cc3)OCCCN4CCCCC4)Cl,11561,8.7
2260,CHEMBL264,Histamine H3 receptor,c1cc(ccc1C(=O)N2CCN(C(=O)C2)c3ccc(cc3)OCCCN4CCCCC4)F,11561,8.75
2261,CHEMBL264,Histamine H3 receptor,c1cc(ccc1C(=O)N2CCN(C(=O)C2)c3ccc(cc3)OCCCN4CCCCCC4)F,11561,8.4
2262,CHEMBL264,Histamine H3 receptor,c1cc(ccc1C2=NN(C(=O)CC2)CC(F)(F)F)OCCCN3CCCCC3,71,7.42
2263,CHEMBL264,Histamine H3 receptor,c1cc(ccc1C2=NNC(=O)C3C2C3)OC4CCN(CC4)C5CCC5,8186,8.31
2264,CHEMBL264,Histamine H3 receptor,c1cc(ccc1C2=NNC(=O)C3C2C3)OC4CCN(CC4)C5CCCC5,8186,8.43
2265,CHEMBL264,Histamine H3 receptor,c1cc(ccc1C2=NNC(=O)C3C2C3)OCCCN4CCCCC4,675,7.72
2266,CHEMBL264,Histamine H3 receptor,c1cc(ccc1C2CCC(CC2)N3CCC(CC3)O)OCCCN4CCCCC4,3304,9.14
2267,CHEMBL264,Histamine H3 receptor,c1cc(ccc1C2CCC(CC2)N3CCC3)OCCCN4CCCCC4,3304,9.54
2268,CHEMBL264,Histamine H3 receptor,c1cc(ccc1C2CCC(CC2)N3CCCC3)OCCCN4CCCCC4,3304,9.54
2269,CHEMBL264,Histamine H3 receptor,c1cc(ccc1C2CCC(CC2)N3CCCCC3)OCCCN4CCCCC4,3304,9.19
2270,CHEMBL264,Histamine H3 receptor,c1cc(ccc1C2CCC(CC2)N3CCOCC3)OCCCN4CCCCC4,3304,9.28
2271,CHEMBL264,Histamine H3 receptor,c1cc(ccc1C2CCCCC2)OCCCN3CCCCC3,3304,8.55
2272,CHEMBL264,Histamine H3 receptor,c1cc(ccc1C2CN3CCCC3c4c2ccc(c4)OCCCN5CCCCC5)OC(F)(F)F,11637,8.23
2273,CHEMBL264,Histamine H3 receptor,c1cc(ccc1C2CNCc3c2cnc(c3)OCCCN4CCCCC4)Cl,5529,8.7
2274,CHEMBL264,Histamine H3 receptor,c1cc(ccc1C=C2C(=O)NC(=O)S2)OCCCN3CCCCC3,17918,8.1
2275,CHEMBL264,Histamine H3 receptor,c1cc(ccc1C=C2C(=O)NC(=S)S2)OCCCN3CCCCC3,17918,8.3
2276,CHEMBL264,Histamine H3 receptor,c1cc(ccc1C=CC(=O)N2CCCC2CN3CCCC3)OC(F)(F)F,8543,7.87
2277,CHEMBL264,Histamine H3 receptor,c1cc(ccc1CCN2CCCC2)[N+](=O)[O-],9182,6.44
2278,CHEMBL264,Histamine H3 receptor,c1cc(ccc1CCN2CCCCC2)c3ccc(cc3)CN4CCCCC4,8387,8.7
2279,CHEMBL264,Histamine H3 receptor,c1cc(ccc1CN2CCC(=O)CC2)OCCCN3CCCCC3,11487,8.6
2280,CHEMBL264,Histamine H3 receptor,c1cc(ccc1CN2CCC(C2)F)OCCCN3CCCC3,11487,9.51
2281,CHEMBL264,Histamine H3 receptor,c1cc(ccc1CN2CCC(C2)F)OCCCN3CCCCC3,11487,9.55
2282,CHEMBL264,Histamine H3 receptor,c1cc(ccc1CN2CCC(C2)NC(=O)c3ccc4c(c3)OCO4)OCCCN5CCCCC5,17346,10.6
2283,CHEMBL264,Histamine H3 receptor,c1cc(ccc1CN2CCC(CC2)(F)F)OCCCN3CCCCC3,11487,9.62
2284,CHEMBL264,Histamine H3 receptor,c1cc(ccc1CN2CCC(CC2)Br)OCCCN3CCCCC3,11487,9.7
2285,CHEMBL264,Histamine H3 receptor,c1cc(ccc1CN2CCC(CC2)CO)OCCCN3CCCCC3,11487,9.17
2286,CHEMBL264,Histamine H3 receptor,c1cc(ccc1CN2CCC(CC2)Cl)OCCCN3CCCCC3,11487,10.17
2287,CHEMBL264,Histamine H3 receptor,c1cc(ccc1CN2CCC(CC2)F)C(=O)N3CCN(CC3)C4CC4,359,8.7
2288,CHEMBL264,Histamine H3 receptor,c1cc(ccc1CN2CCC(CC2)F)C(=O)N3CCN(CC3)C4CCC4,359,9.15
2289,CHEMBL264,Histamine H3 receptor,c1cc(ccc1CN2CCC(CC2)F)OCCCN3CCCC3,11487,9.59
2290,CHEMBL264,Histamine H3 receptor,c1cc(ccc1CN2CCC(CC2)F)OCCCN3CCCCC3,11487,10.03
2291,CHEMBL264,Histamine H3 receptor,c1cc(ccc1CN2CCC(CC2)O)C#CCCN3CCCCC3,23105,9.05
2292,CHEMBL264,Histamine H3 receptor,c1cc(ccc1CN2CCC(CC2)O)OCCCN3CCCCC3,11487,9.18
2293,CHEMBL264,Histamine H3 receptor,c1cc(ccc1CN2CCCC2)C#CCCN3CCCCC3,23105,9.21
2294,CHEMBL264,Histamine H3 receptor,c1cc(ccc1CN2CCCC2)C3CC(C3)CN4CCOCC4,15140,8.85
2295,CHEMBL264,Histamine H3 receptor,c1cc(ccc1CN2CCCC2)OCC3CN(CCO3)C4CCCC4,12112,8.66
2296,CHEMBL264,Histamine H3 receptor,c1cc(ccc1CN2CCCCC2)C#CCCN3CCCC3,23105,9.17
2297,CHEMBL264,Histamine H3 receptor,c1cc(ccc1CN2CCCCC2)C#CCCN3CCCCC3,23105,9.04
2298,CHEMBL264,Histamine H3 receptor,c1cc(ccc1CN2CCCCC2)C#CCCN3CCOCC3,23105,8.3
2299,CHEMBL264,Histamine H3 receptor,c1cc(ccc1CN2CCCCC2)C#CCCN3CCSCC3,23105,8.42
2300,CHEMBL264,Histamine H3 receptor,c1cc(ccc1CN2CCCCC2)OCC3CN(CCO3)C4CCCC4,12112,8.6
2301,CHEMBL264,Histamine H3 receptor,c1cc(ccc1CN2CCCCC2)c3ccc(cc3)CN4CCCCC4=O,4112,7.33
2302,CHEMBL264,Histamine H3 receptor,c1cc(ccc1CN2CCCCC2)c3ccc(cc3)CN4CCOCC4,4112,7.71
2303,CHEMBL264,Histamine H3 receptor,c1cc(ccc1CN2CCCCC2)c3ccc(cc3)COc4ccc(cc4)C#N,4112,7.12
2304,CHEMBL264,Histamine H3 receptor,c1cc(ccc1CN2CCOCC2)C#CCCN3CCCCC3,23105,8.76
2305,CHEMBL264,Histamine H3 receptor,c1cc(ccc1CN2CCOCC2)C(=O)N3CCN(CC3)C4CC4,359,8.27
2306,CHEMBL264,Histamine H3 receptor,c1cc(ccc1CN2CCOCC2)C(=O)N3CCN(CC3)C4CCC4,359,8.89
2307,CHEMBL264,Histamine H3 receptor,c1cc(ccc1CN2CCOCC2)OCC3CN(CCO3)C4CC4,21632,6.97
2308,CHEMBL264,Histamine H3 receptor,c1cc(ccc1CN2CCOCC2)OCC3CN(CCO3)C4CCC4,21632,7.74
2309,CHEMBL264,Histamine H3 receptor,c1cc(ccc1CN2CCOCC2)c3ccc(cc3)CN4CCOCC4,4112,7.91
2310,CHEMBL264,Histamine H3 receptor,c1cc(ccc1CN=C(NC2CCCCC2)SCCCc3c[nH]cn3)C#N,19436,8.79
2311,CHEMBL264,Histamine H3 receptor,c1cc(ccc1CNC(=N)SCCCc2c[nH]cn2)Cl,19436,8.87
2312,CHEMBL264,Histamine H3 receptor,c1cc(ccc1CNC(=NC2CCCCC2)SCCCc3c[nH]cn3)Cl,19436,8.98
2313,CHEMBL264,Histamine H3 receptor,c1cc(ccc1CNC(=O)N(c2ccc(cc2)Br)C3CCN(CC3)C4CCCC4)F,15079,8.15
2314,CHEMBL264,Histamine H3 receptor,c1cc(ccc1CNC(=O)N(c2ccc(cc2)Br)C3CCN(CC3)CCO)F,15079,7.17
2315,CHEMBL264,Histamine H3 receptor,c1cc(ccc1CNC(=O)N(c2ccc(cc2)Cl)C3CCN(CC3)CCO)F,19507,7.07
2316,CHEMBL264,Histamine H3 receptor,c1cc(ccc1CNC(=O)N(c2ccc(cc2)Cl)C3CCN(CC3)Cc4ccnc(c4)N)F,19507,8.52
2317,CHEMBL264,Histamine H3 receptor,c1cc(ccc1CNC(=O)N(c2ccc(cc2)Cl)C3CCN(CC3)Cc4ccnc(c4)O)F,19507,6.2
2318,CHEMBL264,Histamine H3 receptor,c1cc(ccc1CNC(=O)N(c2ccc(cc2)Cl)C3CCN(CC3)Cc4ccncc4)F,19507,7.8
2319,CHEMBL264,Histamine H3 receptor,c1cc(ccc1CNC(=O)N(c2ccc(cc2)Cl)C3CCN(CC3)Cc4ccnnc4)F,19507,7.31
2320,CHEMBL264,Histamine H3 receptor,c1cc(ccc1CNC(=O)N2CCCC2CN3CCCC3)OC(F)(F)F,16903,6.92
2321,CHEMBL264,Histamine H3 receptor,c1cc(ccc1CNC2CCCCC2)c3ccc(cc3)CN4CCCCC4,4112,8.77
2322,CHEMBL264,Histamine H3 receptor,c1cc(ccc1CNC2CCCCC2)c3ccc(cc3)CNC4CCCCC4,4112,6.25
2323,CHEMBL264,Histamine H3 receptor,c1cc(ccc1Cc2c[nH]cn2)N,11565,6.59
2324,CHEMBL264,Histamine H3 receptor,c1cc(ccc1Cn2c(=O)c3ccsc3c(n2)c4ccc(cc4)OCCCN5CCCCC5)Cl,5664,7.32
2325,CHEMBL264,Histamine H3 receptor,c1cc(ccc1Cn2c(=O)cc[nH]c2=O)OCCCN3CCCCC3,11487,7.54
2326,CHEMBL264,Histamine H3 receptor,c1cc(ccc1Cn2ccc(=O)[nH]c2=O)OCCCN3CCCCC3,11487,7.89
2327,CHEMBL264,Histamine H3 receptor,c1cc(ccc1N(C2CCN(CC2)C3CCCC3)C(=O)NCc4cc(cc(c4)Cl)Cl)Br,15079,7.44
2328,CHEMBL264,Histamine H3 receptor,c1cc(ccc1N(C2CCN(CC2)C3CCCC3)C(=O)NCc4ccc(c(c4)Cl)Cl)Br,15079,6.72
2329,CHEMBL264,Histamine H3 receptor,c1cc(ccc1N2CCCCC2)OCCCN3CCCCC3,2117,8.31
2330,CHEMBL264,Histamine H3 receptor,c1cc(ccc1N2CCN(CC2=O)C(=O)C3CC3)OCCCN4CCCCC4,11561,8.6
2331,CHEMBL264,Histamine H3 receptor,c1cc(ccc1N2CCN(CC2=O)C(=O)c3cc(cc(c3)F)F)OC4CCN(CC4)C5CCC5,11561,9.1
2332,CHEMBL264,Histamine H3 receptor,c1cc(ccc1N2CCN(CC2=O)C(=O)c3cc(cc(c3)F)F)OC4CCN(CC4)C5CCCC5,11561,8.6
2333,CHEMBL264,Histamine H3 receptor,c1cc(ccc1N2CCN(CC2=O)C(=O)c3cc(cc(c3)F)F)OCCCN4CCCC4,11561,8.7
2334,CHEMBL264,Histamine H3 receptor,c1cc(ccc1N2CCN(CC2=O)C(=O)c3cc(cc(c3)F)F)OCCCN4CCCCC4,11561,8.7
2335,CHEMBL264,Histamine H3 receptor,c1cc(ccc1N2CCN(CC2=O)C(=O)c3cc(cc(c3)F)F)OCCCN4CCCCCC4,11561,8.3
2336,CHEMBL264,Histamine H3 receptor,c1cc(ccc1N2CCN(CC2=O)C(=O)c3ccc(cc3F)F)OC4CCN(CC4)C5CCC5,11561,8.8
2337,CHEMBL264,Histamine H3 receptor,c1cc(ccc1N2CCN(CC2=O)C(=O)c3ccc(cc3F)F)OC4CCN(CC4)C5CCCC5,11561,8.4
2338,CHEMBL264,Histamine H3 receptor,c1cc(ccc1N2CCN(CC2=O)C(=O)c3ccc(cc3F)F)OCCCN4CCCC4,11561,8.4
2339,CHEMBL264,Histamine H3 receptor,c1cc(ccc1N2CCN(CC2=O)C(=O)c3ccc(cc3F)F)OCCCN4CCCCC4,11561,8.6
2340,CHEMBL264,Histamine H3 receptor,c1cc(ccc1N2CCN(CC2=O)C(=O)c3ccc(cc3F)F)OCCCN4CCCCCC4,11561,8.1
2341,CHEMBL264,Histamine H3 receptor,c1cc(ccc1N2CCN(CC2=O)C(=O)c3ccncc3)OCCCN4CCCCC4,11561,8.1
2342,CHEMBL264,Histamine H3 receptor,c1cc(ccc1NC(=O)CCN2CCC(CC2)Cc3c[nH]cn3)Cl,6798,8.77
2343,CHEMBL264,Histamine H3 receptor,c1cc(ccc1OC2CC(N(C2)C3CC3)C(=O)N4CCCN(CC4)C5CCC5)F,9964,7.57
2344,CHEMBL264,Histamine H3 receptor,c1cc(ccc1OC2CC(N(C2)C3CCC3)C(=O)N4CCCN(CC4)C5CCC5)F,9964,7.77
2345,CHEMBL264,Histamine H3 receptor,c1cc(ccc1OC2CC(NC2)C(=O)N3CCCN(CC3)C4CCC4)Cl,9964,8.7
2346,CHEMBL264,Histamine H3 receptor,c1cc(ccc1OC2CC(NC2)C(=O)N3CCCN(CC3)C4CCC4)F,9964,8.8
2347,CHEMBL264,Histamine H3 receptor,c1cc(ccc1OC2CC(NC2)C(=O)N3CCCN(CC3)C4CCCC4)F,9964,8.59
2348,CHEMBL264,Histamine H3 receptor,c1cc(ccc1OCCCCCCCN2CCCCC2)Cl,16925,6.89
2349,CHEMBL264,Histamine H3 receptor,c1cc(ccc1OCCCCCCCN2CCCCCC2)Cl,16925,6.69
2350,CHEMBL264,Histamine H3 receptor,c1cc(ccc1OCCCCCCN2CCCCC2)Cl,22123,6.58
2351,CHEMBL264,Histamine H3 receptor,c1cc(ccc1OCCCCCCN2CCCCCC2)Cl,22123,6.63
2352,CHEMBL264,Histamine H3 receptor,c1cc(ccc1OCCN2CCC(CC2)N3CCCCC3)Cl,20334,6.75
2353,CHEMBL264,Histamine H3 receptor,c1cc(ccc1Oc2ccc(cn2)C(=O)N3CCCN(CC3)C4CC4)Cl,20174,7.89
2354,CHEMBL264,Histamine H3 receptor,c1cc(ccc1Oc2ccc(cn2)C(=O)N3CCCN(CC3)C4CC4)F,10172,7.6
2355,CHEMBL264,Histamine H3 receptor,c1cc(ccc1Oc2ccc(cn2)C(=O)N3CCCN(CC3)C4CCC4)Cl,20174,7.23
2356,CHEMBL264,Histamine H3 receptor,c1cc(ccc1Oc2ccc(cn2)C(=O)N3CCCN(CC3)C4CCC4)F,10172,8.85
2357,CHEMBL264,Histamine H3 receptor,c1cc(ccc1Oc2ccc(cn2)C(=O)N3CCCNCC3)F,10172,5.05
2358,CHEMBL264,Histamine H3 receptor,c1cc(ccc1Oc2ccc(cn2)C(=O)N3CCN(CC3)C4CC4)F,16080,6.37
2359,CHEMBL264,Histamine H3 receptor,c1cc(ccc1c2[nH]ccn2)OCCCN3CCCCC3,2117,8.32
2360,CHEMBL264,Histamine H3 receptor,c1cc(ccc1c2cc(=O)[nH]nc2)OC3CCN(CC3)C4CCC4,4271,8.7
2361,CHEMBL264,Histamine H3 receptor,c1cc(ccc1c2cc3c(cn2)nc(s3)N4CCC(CC4)N5CCCCC5)O,12117,6.67
2362,CHEMBL264,Histamine H3 receptor,c1cc(ccc1c2cc3c(nc2)nc(o3)N4CCC(CC4)N5CCCCC5)C(=O)N,7833,6.54
2363,CHEMBL264,Histamine H3 receptor,c1cc(ccc1c2cc3c(nc2)nc(o3)N4CCC(CC4)N5CCCCC5)C(F)(F)F,7833,6.62
2364,CHEMBL264,Histamine H3 receptor,c1cc(ccc1c2cc3c(nc2)nc(s3)N4CCC(CC4)N5CCCCC5)O,3995,7.23
2365,CHEMBL264,Histamine H3 receptor,c1cc(ccc1c2ccc(=O)[nH]n2)C(=O)N3CCCC3CN4CCCC4,14702,7.77
2366,CHEMBL264,Histamine H3 receptor,c1cc(ccc1c2ccc(=O)[nH]n2)OC3CCN(CC3)C4CCC4,4271,8.72
2367,CHEMBL264,Histamine H3 receptor,c1cc(ccc1c2ccc(=O)[nH]n2)OC3CCN(CC3)C4CCCC4,4271,8.29
2368,CHEMBL264,Histamine H3 receptor,c1cc(ccc1c2ccc(=O)[nH]n2)OCCCN3CCCC3,2117,7.8
2369,CHEMBL264,Histamine H3 receptor,c1cc(ccc1c2ccc(=O)[nH]n2)OCCCN3CCCCC3,2117,8.06
2370,CHEMBL264,Histamine H3 receptor,c1cc(ccc1c2ccc(=O)[nH]n2)OCCCN3CCOCC3,2117,6.12
2371,CHEMBL264,Histamine H3 receptor,c1cc(ccc1c2ccc(cc2)OCCCN3CCC(CC3)(F)F)OCCCN4CCCCC4,2117,8.03
2372,CHEMBL264,Histamine H3 receptor,c1cc(ccc1c2ccc(cc2)OCCCN3CCCCC3)OCCCCN4CCCCC4,2117,9.89
2373,CHEMBL264,Histamine H3 receptor,c1cc(ccc1c2ccc(cc2)OCCCN3CCCCC3)OCCCN4CCCCC4,2117,10.0
2374,CHEMBL264,Histamine H3 receptor,c1cc(ccc1c2ccc(cc2)OCCN3CCCCC3)OCCCN4CCCCC4,2117,9.31
2375,CHEMBL264,Histamine H3 receptor,c1cc(ccc1c2ccc3c(c2)CCN(C3=O)CCN4CCCC4)C(=O)N,1946,8.22
2376,CHEMBL264,Histamine H3 receptor,c1cc(ccc1c2ccc3c(c2)CCN(C3=O)CCN4CCCC4)C(=O)N5CCCC5,1946,8.62
2377,CHEMBL264,Histamine H3 receptor,c1cc(ccc1c2ccc3c(c2)CCN(C3=O)CCN4CCCC4)C(=O)NC5CC5,1946,8.57
2378,CHEMBL264,Histamine H3 receptor,c1cc(ccc1c2ccc3c(c2)CCN(C3=O)CCN4CCCC4)C(=O)NC5CCC5,1946,8.68
2379,CHEMBL264,Histamine H3 receptor,c1cc(ccc1c2ccc3c(c2)CCN(C3=O)CCN4CCCC4)C(=O)NC5CCCC5,1946,8.72
2380,CHEMBL264,Histamine H3 receptor,c1cc(ccc1c2ccc3c(c2)CCN(C3=O)CCN4CCCC4)F,1946,7.96
2381,CHEMBL264,Histamine H3 receptor,c1cc(ccc1c2ccc3c(c2)CCN(C3=O)CCN4CCCC4)OC(F)(F)F,1946,7.83
2382,CHEMBL264,Histamine H3 receptor,c1cc(ccc1c2ccc3c(c2)CCN(C3=O)CCN4CCCCC4)F,1946,8.11
2383,CHEMBL264,Histamine H3 receptor,c1cc(ccc1c2ccc3c(c2)CCN(C3=O)CCN4CCCCCC4)F,1946,8.24
2384,CHEMBL264,Histamine H3 receptor,c1cc(ccc1c2cnco2)OCCCN3CCCCC3,2117,8.6
2385,CHEMBL264,Histamine H3 receptor,c1cc(ccc1c2nnc(s2)N3CCC(CC3)N4CCCCC4)Cl,225,6.79
2386,CHEMBL264,Histamine H3 receptor,c1cc(ccc1c2nnc(s2)N3CCC(CC3)N4CCCCC4)F,225,7.41
2387,CHEMBL264,Histamine H3 receptor,c1cc(cnc1)C2CN3CCCC3c4c2ccc(c4)OCCCN5CCCCC5,15173,9.1
2388,CHEMBL264,Histamine H3 receptor,c1cc(cnc1)C2CN3CCCC3c4c2ccc(c4)OCCCN5CCOCC5,15173,8.8
2389,CHEMBL264,Histamine H3 receptor,c1cc(cnc1)N2CCC(CC2)Cc3c[nH]cn3,7836,6.9
2390,CHEMBL264,Histamine H3 receptor,c1cc(cnc1)OC2CC(NC2)C(=O)N3CCCN(CC3)C4CCC4,9964,8.59
2391,CHEMBL264,Histamine H3 receptor,c1cc(cnc1)c2cc3c(nc2)nc(o3)N4CCC(CC4)N5CCCCC5,7833,7.02
2392,CHEMBL264,Histamine H3 receptor,c1cc(nc(c1)C(F)(F)F)c2cc3c(nc2)nc(o3)N4CCC(CC4)N5CCCCC5,7833,6.84
2393,CHEMBL264,Histamine H3 receptor,c1cc(nc(c1)Cl)c2cc3c(nc2)nc(o3)N4CCC(CC4)N5CCCCC5,7833,7.43
2394,CHEMBL264,Histamine H3 receptor,c1cc(nc(c1)Oc2ccc(c(c2)Cl)Cl)C(=O)N3CCCN(CC3)C4CC4,23166,5.98
2395,CHEMBL264,Histamine H3 receptor,c1cc(nc(c1)Oc2ccc(c(c2)Cl)Cl)C(=O)N3CCCN(CC3)C4CCC4,23166,6.8
2396,CHEMBL264,Histamine H3 receptor,c1cc(nc2c1cc(cc2)Cl)N3CCN(CC3)C4CC4,12568,7.62
2397,CHEMBL264,Histamine H3 receptor,c1cc(nc2c1cc(cc2)OCCCN3CCCCC3)C(=O)N4CCC4,5794,6.92
2398,CHEMBL264,Histamine H3 receptor,c1cc(ncc1OCCCN2CCCCC2)CN3CCCCC3,24657,9.05
2399,CHEMBL264,Histamine H3 receptor,c1cc(ncc1OCCCN2CCCCC2)CN3CCOCC3,24657,8.16
2400,CHEMBL264,Histamine H3 receptor,c1cc(ncc1c2cc(=O)[nH]nc2)OC3CCN(CC3)C4CCC4,3258,7.85
2401,CHEMBL264,Histamine H3 receptor,c1cc(ncc1c2cc3c(cn2)nc(s3)N4CCC(CC4)N5CCCCC5)F,12117,7.46
2402,CHEMBL264,Histamine H3 receptor,c1cc(ncc1c2cc3c(cn2)nc(s3)N4CCC(CC4)N5CCCCC5)N,12117,7.6
2403,CHEMBL264,Histamine H3 receptor,c1cc(ncc1c2cc3c(cn2)nc(s3)N4CCC(CC4)N5CCCCC5)O,12117,8.1
2404,CHEMBL264,Histamine H3 receptor,c1cc(ncc1c2cc3c(nc2)nc(o3)N4CCC(CC4)N5CCCCC5)F,7833,7.15
2405,CHEMBL264,Histamine H3 receptor,c1cc(ncc1c2cc3c(nc2)nc(o3)N4CCC(CC4)N5CCCCC5)N,7833,6.56
2406,CHEMBL264,Histamine H3 receptor,c1cc(ncc1c2cc3c(nc2)nc(s3)N4CCC(CC4)N5CCCCC5)F,3995,7.2
2407,CHEMBL264,Histamine H3 receptor,c1cc(ncc1c2cc3c(nc2)nc(s3)N4CCC(CC4)N5CCCCC5)N,3995,7.8
2408,CHEMBL264,Histamine H3 receptor,c1cc(ncc1c2cc3c(nc2)nc(s3)N4CCC(CC4)N5CCCCC5)O,3995,7.38
2409,CHEMBL264,Histamine H3 receptor,c1cc(ncc1c2ccc(=O)[nH]n2)OC3CCN(CC3)C4CCC4,3258,8.2
2410,CHEMBL264,Histamine H3 receptor,c1cc(ncc1c2ccc(=O)[nH]n2)OC3CCN(CC3)C4CCCC4,3258,7.59
2411,CHEMBL264,Histamine H3 receptor,c1cc(oc1)c2ccc(cc2)OCCCN3CCCCC3,2117,8.3
2412,CHEMBL264,Histamine H3 receptor,c1cc(oc1)c2ccc3c(c2)nc(nc3N4CCNCC4)N,6016,5.47
2413,CHEMBL264,Histamine H3 receptor,c1cc(sc1)C(=O)N2CCCc3c2cc(cc3)OCCCN4CCCCC4,12021,7.65
2414,CHEMBL264,Histamine H3 receptor,c1cc(sc1)C(=O)N2CCc3cc(ccc3C2)OCCCN4CCCCC4,7072,8.68
2415,CHEMBL264,Histamine H3 receptor,c1cc(sc1)C(=O)N2CCc3ccc(cc3C2)OCCCN4CCCCC4,5757,8.09
2416,CHEMBL264,Histamine H3 receptor,c1cc(sc1)C2CN3CCCC3c4c2ccc(c4)OCCCN5CCCCC5,14078,9.0
2417,CHEMBL264,Histamine H3 receptor,c1cc(sc1)C2CN3CCCC3c4c2ccc(c4)OCCCN5CCOCC5,14078,8.52
2418,CHEMBL264,Histamine H3 receptor,c1cc(sc1)c2ccc(cc2)OCCCN3CCCCC3,2117,8.85
2419,CHEMBL264,Histamine H3 receptor,c1cc2c(c(c1)OCCCN3CCCCC3)CCCN2CC4CCCCC4,19152,6.85
2420,CHEMBL264,Histamine H3 receptor,c1cc2c(c(c1)OCCCN3CCCCC3)CCN(C2)CC4CCCCC4,23666,7.81
2421,CHEMBL264,Histamine H3 receptor,c1cc2c(c(c1)OCCCN3CCCCC3)CN(CC2)CC4CCCCC4,15248,7.23
2422,CHEMBL264,Histamine H3 receptor,c1cc2c(c(c1)OCCCN3CCCCC3)CNCC2,15248,6.81
2423,CHEMBL264,Histamine H3 receptor,c1cc2c(c[nH]c2c(c1)C(=O)N3CCN(CC3)C4CCC4)CN5CCCCC5,1523,8.8
2424,CHEMBL264,Histamine H3 receptor,c1cc2c(c[nH]c2c(c1)C(=O)N3CCN(CC3)C4CCC4)CN5CCOCC5,1523,8.31
2425,CHEMBL264,Histamine H3 receptor,c1cc2c(c[nH]c2c(c1)C(=O)N3CCNCC3)CN4CCOCC4,1523,5.67
2426,CHEMBL264,Histamine H3 receptor,c1cc2c(cc1OC3CCN(CC3)C(=O)C4CC4)CCC5(O2)CCN(CC5)C6CCC6,19953,8.22
2427,CHEMBL264,Histamine H3 receptor,c1cc2c(cc1OC3CCN(CC3)C(=O)N4CCOCC4)CCN(CC2)C5CCC5,3940,9.0
2428,CHEMBL264,Histamine H3 receptor,c1cc2c(cc1OC3CCN(CC3)C4CC4)cc([nH]2)C(=O)N5CCOCC5,11450,8.7
2429,CHEMBL264,Histamine H3 receptor,c1cc2c(cc1OC3CCN(CC3)C4CC4)cc(n2CC(F)(F)F)C(=O)N5CCOCC5,11450,8.7
2430,CHEMBL264,Histamine H3 receptor,c1cc2c(cc1OC3CCN(CC3)C4CCC4)cc(n2CC(F)(F)F)C(=O)N5CCOCC5,11450,9.0
2431,CHEMBL264,Histamine H3 receptor,c1cc2c(cc1OC3CCN(CC3)C4COC4)cc(n2CC(F)(F)F)C(=O)N5CCOCC5,11450,7.64
2432,CHEMBL264,Histamine H3 receptor,c1cc2c(cc1OC3CCN(CC3)CC4CC4)cc5n2CCNC5=O,6039,6.89
2433,CHEMBL264,Histamine H3 receptor,c1cc2c(cc1OC3CCN(CC3)S(=O)(=O)C4CC4)CCC5(O2)CCN(CC5)C6CCC6,19953,8.05
2434,CHEMBL264,Histamine H3 receptor,c1cc2c(cc1OC3CCNCC3)CCC4(O2)CCN(CC4)C5CCC5,19953,8.52
2435,CHEMBL264,Histamine H3 receptor,c1cc2c(cc1OC3CCNCC3)CCN(CC2)C4CCC4,3940,9.5
2436,CHEMBL264,Histamine H3 receptor,c1cc2c(cc1OC3CCOC3)CCC4(O2)CCN(CC4)C5CCC5,19953,7.7
2437,CHEMBL264,Histamine H3 receptor,c1cc2c(cc1OC3CCOCC3)CCC4(O2)CCN(CC4)C5CCC5,19953,7.82
2438,CHEMBL264,Histamine H3 receptor,c1cc2c(cc1OC3CCS(=O)(=O)C3)CCC4(O2)CCN(CC4)C5CCC5,19953,7.64
2439,CHEMBL264,Histamine H3 receptor,c1cc2c(cc1OC3CCS(=O)(=O)CC3)CCC4(O2)CCN(CC4)C5CCC5,19953,8.15
2440,CHEMBL264,Histamine H3 receptor,c1cc2c(cc1OC3CCSC3)CCC4(O2)CCN(CC4)C5CCC5,19953,7.77
2441,CHEMBL264,Histamine H3 receptor,c1cc2c(cc1OC3CCSCC3)CCC4(O2)CCN(CC4)C5CCC5,19953,7.64
2442,CHEMBL264,Histamine H3 receptor,c1cc2c(cc1OCC3CCCO3)CCC4(O2)CCN(CC4)C5CCC5,19953,7.8
2443,CHEMBL264,Histamine H3 receptor,c1cc2c(cc1OCC3CCNCC3)CCN(CC2)C4CCC4,3940,9.3
2444,CHEMBL264,Histamine H3 receptor,c1cc2c(cc1OCC3CCOC3)CCC4(O2)CCN(CC4)C5CCC5,19953,7.74
2445,CHEMBL264,Histamine H3 receptor,c1cc2c(cc1OCC3CCS(=O)(=O)CC3)CCC4(O2)CCN(CC4)C5CCC5,19953,8.4
2446,CHEMBL264,Histamine H3 receptor,c1cc2c(cc1OCC3CCSCC3)CCC4(O2)CCN(CC4)C5CCC5,19953,7.92
2447,CHEMBL264,Histamine H3 receptor,c1cc2c(cc1OCCCN3CCCCC3)C4CCCN4CC2c5ccsc5,8904,9.15
2448,CHEMBL264,Histamine H3 receptor,c1cc2c(cc1OCCCN3CCCCC3)CCCN2,23971,7.27
2449,CHEMBL264,Histamine H3 receptor,c1cc2c(cc1OCCCN3CCCCC3)CCCN2CC4CCCCC4,23971,7.51
2450,CHEMBL264,Histamine H3 receptor,c1cc2c(cc1OCCCN3CCCCC3)CCN(C2)CC4CCCCC4,7072,9.0
2451,CHEMBL264,Histamine H3 receptor,c1cc2c(cc1OCCCN3CCCCC3)CCN(CC2)CC4CC4,23333,9.3
2452,CHEMBL264,Histamine H3 receptor,c1cc2c(cc1OCCCN3CCCCC3)CCN(CC2)CC4CCCCC4,23333,9.28
2453,CHEMBL264,Histamine H3 receptor,c1cc2c(cc1OCCCN3CCCCC3)CCN(CC2)CC4CCCO4,23333,9.3
2454,CHEMBL264,Histamine H3 receptor,c1cc2c(cc1OCCCN3CCCCC3)CCNC2,7072,8.6
2455,CHEMBL264,Histamine H3 receptor,c1cc2c(cc1OCCCN3CCCCC3)CCNCC2,23333,8.4
2456,CHEMBL264,Histamine H3 receptor,c1cc2c(cc1OCCCN3CCCCC3)CN(CC2)CC4CCCCC4,5757,9.46
2457,CHEMBL264,Histamine H3 receptor,c1cc2c(cc1OCCCN3CCCCC3)CNCC2,5757,9.22
2458,CHEMBL264,Histamine H3 receptor,c1cc2c(cc1OCCCN3CCCCC3)N(CCC2)CC4CCCCC4,12021,6.73
2459,CHEMBL264,Histamine H3 receptor,c1cc2c(cc1OCCCN3CCCCC3)NCCC2,12021,6.89
2460,CHEMBL264,Histamine H3 receptor,c1cc2c(cc1OCCCN3CCCCC3)cc([nH]2)C(=O)N4CCOCC4,11450,7.15
2461,CHEMBL264,Histamine H3 receptor,c1cc2c(cc1OCCCN3CCCCC3)cc4n2CCNC4=O,2286,7.74
2462,CHEMBL264,Histamine H3 receptor,c1cc2c(cc1OCCCN3CCOCC3)C4CCCN4CC2c5ccsc5,8904,8.52
2463,CHEMBL264,Histamine H3 receptor,c1cc2c(cc1OCCCN3CCOCC3)CCNCC2,23333,7.0
2464,CHEMBL264,Histamine H3 receptor,c1cc2c(cc1OCCN3CCCCC3)CCN(CC2)CC4CC4,3940,9.1
2465,CHEMBL264,Histamine H3 receptor,c1cc2c(cc1OCCN3CCCCC3)CCNCC2,3940,6.8
2466,CHEMBL264,Histamine H3 receptor,c1cc2c(cc1OCCO)CCC3(O2)CCN(CC3)C4CCC4,19953,6.9
2467,CHEMBL264,Histamine H3 receptor,c1cc2c(cc1Oc3ccc(cn3)C(=O)N)CCN(CC2)C4CCC4,9510,9.3
2468,CHEMBL264,Histamine H3 receptor,c1cc2c(cc1Oc3ccc(cn3)C(=O)N4CCCC4)CCN(CC2)C5CCC5,9510,9.6
2469,CHEMBL264,Histamine H3 receptor,c1cc2c(cc1Oc3ccc(cn3)N4CCCC4=O)CCN(CC2)C5CCCC5,6393,9.9
2470,CHEMBL264,Histamine H3 receptor,c1cc2c(cc1Oc3ccc(cn3)c4ccn[nH]4)CCN(CC2)C5CCC5,19492,9.6
2471,CHEMBL264,Histamine H3 receptor,c1cc2c(cc1c3cc(cc(c3)F)F)CCN(C2=O)CCN4CCCC4,1946,8.05
2472,CHEMBL264,Histamine H3 receptor,c1cc2c(cc1c3cc4c(nc3)nc(o4)N5CCC(CC5)N6CCCCC6)CC(=O)N2,7833,6.96
2473,CHEMBL264,Histamine H3 receptor,c1cc2c(cc1c3ccc(c(c3)F)F)CCN(C2=O)CCN4CCCC4,1946,8.11
2474,CHEMBL264,Histamine H3 receptor,c1cc2c(cc1c3ccc(cc3F)C(=O)N4CCCC4)CCN(C2=O)CCN5CCCC5,24108,8.49
2475,CHEMBL264,Histamine H3 receptor,c1cc2c(cc1c3ccc(cc3F)F)CCN(C2=O)CCN4CCCC4,1946,8.09
2476,CHEMBL264,Histamine H3 receptor,c1cc2c(cc1c3ccncc3)CCN(C2=O)CCN4CCCC4,1946,8.11
2477,CHEMBL264,Histamine H3 receptor,c1cc2c(ccc(c2nc1)N3CCN(CC3)CCc4ccc(cc4)OCCCN5CCCCCC5)C#N,1840,8.5
2478,CHEMBL264,Histamine H3 receptor,c1cc2c(nc1)CN(C2)C3CCN(CC3)C(=O)C4(CCN(CC4)Cc5ccnc(c5)N)F,9195,8.15
2479,CHEMBL264,Histamine H3 receptor,c1cc2c(nc1)nc(o2)N3CCC(CC3)N4CCCCC4,7833,5.92
2480,CHEMBL264,Histamine H3 receptor,c1cc2c(nc1)nc(s2)N3CCC(CC3)N4CCCCC4,3995,6.86
2481,CHEMBL264,Histamine H3 receptor,c1cc2cccnc2c(c1)N3CCN(CC3)CCc4ccc(cc4)OCCCN5CCCCCC5,1840,9.3
2482,CHEMBL264,Histamine H3 receptor,c1cc2cccnc2c(c1)c3cc4c(nc3)nc(o4)N5CCC(CC5)N6CCCCC6,7833,7.46
2483,CHEMBL264,Histamine H3 receptor,c1cc2ccnn2c(c1)c3cc4c(nc3)nc(o4)N5CCC(CC5)N6CCCCC6,7833,8.4
2484,CHEMBL264,Histamine H3 receptor,c1ccc(c(c1)C#CCCN2CCCCC2)N3CCCCC3,20704,7.08
2485,CHEMBL264,Histamine H3 receptor,c1ccc(c(c1)CCN2CCCC2)O,23051,6.57
2486,CHEMBL264,Histamine H3 receptor,c1ccc(c(c1)Oc2ccc(cn2)C(=O)N3CCN(CC3)C4CCCC4)Cl,4471,7.4
2487,CHEMBL264,Histamine H3 receptor,c1ccc(c(c1)c2ccc3c(c2)CCN(C3=O)CCN4CCCC4)F,1946,7.85
2488,CHEMBL264,Histamine H3 receptor,c1ccc(c(c1)c2nnc(s2)N3CCC(CC3)N4CCCCC4)Cl,225,7.16
2489,CHEMBL264,Histamine H3 receptor,c1ccc(c(c1)c2nnc(s2)N3CCC(CC3)N4CCCCC4)F,225,7.44
2490,CHEMBL264,Histamine H3 receptor,c1ccc(cc1)C#CCCN2CCCCC2,20704,7.25
2491,CHEMBL264,Histamine H3 receptor,c1ccc(cc1)C(=O)N2CCN(C(=O)C2)c3ccc(cc3)OC4CCN(CC4)C5CCC5,11561,8.5
2492,CHEMBL264,Histamine H3 receptor,c1ccc(cc1)C(=O)N2CCN(C(=O)C2)c3ccc(cc3)OCCCN4CCCCC4,11561,8.4
2493,CHEMBL264,Histamine H3 receptor,c1ccc(cc1)C(=O)n2c(=O)ccn(c2=O)CCCN3CCCCC3,18833,5.94
2494,CHEMBL264,Histamine H3 receptor,c1ccc(cc1)C(=O)n2c(=O)ccn(c2=O)Cc3ccc(cc3)OCCCN4CCCCC4,11487,8.14
2495,CHEMBL264,Histamine H3 receptor,c1ccc(cc1)C2(C(=O)N(C(=O)N2)CCCN3CCCCC3)c4ccccc4,14238,6.25
2496,CHEMBL264,Histamine H3 receptor,c1ccc(cc1)C2CCCCc3c2nc(nc3N4CCNCC4)N,15706,5.65
2497,CHEMBL264,Histamine H3 receptor,c1ccc(cc1)C2CN3CCCC3c4c2ccc(c4)OCCCN5CCCCC5,11637,8.72
2498,CHEMBL264,Histamine H3 receptor,c1ccc(cc1)C2CNCc3c2cnc(c3)OCCCN4CCCCC4,3266,9.0
2499,CHEMBL264,Histamine H3 receptor,c1ccc(cc1)C2CNCc3c2cnc(c3)OCCCN4CCOCC4,3266,7.89
2500,CHEMBL264,Histamine H3 receptor,c1ccc(cc1)CC(c2ccc(cc2)c3ccc(cc3)CN4CCCCC4)N5CCCCC5,15339,7.72
2501,CHEMBL264,Histamine H3 receptor,c1ccc(cc1)CC2CCN(CC2)CCCOc3ccc(cc3)n4c5ccc(cc5nc4c6ccccn6)F,3097,8.7
2502,CHEMBL264,Histamine H3 receptor,c1ccc(cc1)CCN2CCC3(CC2)CC3C(=O)N4CCN(CC4)C5CCCCC5,3362,7.68
2503,CHEMBL264,Histamine H3 receptor,c1ccc(cc1)CCNC(=N)SCCCc2c[nH]cn2,10424,7.7
2504,CHEMBL264,Histamine H3 receptor,c1ccc(cc1)CN2CCC(CC2)Nc3ccnc(n3)N,23853,7.14
2505,CHEMBL264,Histamine H3 receptor,c1ccc(cc1)CN2CCC(CC2)Oc3ccc(cc3)C#N,21968,5.27
2506,CHEMBL264,Histamine H3 receptor,c1ccc(cc1)CN2CCC3(CC2)CC3C(=O)N4CCN(CC4)C5CCCCC5,3362,6.99
2507,CHEMBL264,Histamine H3 receptor,c1ccc(cc1)CN2CCCc3cc(ccc3C2)OCCCN4CCCCC4,8035,9.7
2508,CHEMBL264,Histamine H3 receptor,c1ccc(cc1)CN2CCN(CC2)Cc3ccc(cc3)C#CCCN4CCCCC4,23105,8.72
2509,CHEMBL264,Histamine H3 receptor,c1ccc(cc1)CN2CCc3c(nc(s3)OCCCN4CCCCC4)C2,144,6.58
2510,CHEMBL264,Histamine H3 receptor,c1ccc(cc1)CNC(=N)SCCCc2c[nH]cn2,19436,8.1
2511,CHEMBL264,Histamine H3 receptor,c1ccc(cc1)CNC(=NC2CCCC2)SCCCc3c[nH]cn3,19436,7.37
2512,CHEMBL264,Histamine H3 receptor,c1ccc(cc1)CNC(=NC2CCCCC2)SCCCc3c[nH]cn3,19436,8.01
2513,CHEMBL264,Histamine H3 receptor,c1ccc(cc1)CNC(=NCc2ccc(c(c2)Cl)Cl)SCCCc3c[nH]cn3,19436,7.49
2514,CHEMBL264,Histamine H3 receptor,c1ccc(cc1)CNC(=NCc2ccc(cc2)Cl)SCCCc3c[nH]cn3,19436,7.77
2515,CHEMBL264,Histamine H3 receptor,c1ccc(cc1)CNC(=O)N(c2ccc(cc2)Br)C3CCN(CC3)C4CCCC4,15079,8.0
2516,CHEMBL264,Histamine H3 receptor,c1ccc(cc1)CNC(=O)N(c2ccc(cc2)Br)C3CCN(CC3)Cc4ccncc4,15079,8.7
2517,CHEMBL264,Histamine H3 receptor,c1ccc(cc1)CNC(=O)N(c2ccc(cc2)Br)C3CCN(CC3)Cc4ccnnc4,15079,8.0
2518,CHEMBL264,Histamine H3 receptor,c1ccc(cc1)CNC(=O)N2CCCC2CN3CCCC3,16903,6.71
